Date,MonthNo,MonthName,MonthID,Month,Quarter,Year
2011-01-01,1,Jan,201101,Jan-11,Q1,2011
2011-01-02,1,Jan,201101,Jan-11,Q1,2011
2011-01-03,1,Jan,201101,Jan-11,Q1,2011
2011-01-04,1,Jan,201101,Jan-11,Q1,2011
2011-01-05,1,Jan,201101,Jan-11,Q1,2011
2011-01-06,1,Jan,201101,Jan-11,Q1,2011
2011-01-07,1,Jan,201101,Jan-11,Q1,2011
2011-01-08,1,Jan,201101,Jan-11,Q1,2011
2011-01-09,1,Jan,201101,Jan-11,Q1,2011
2011-01-10,1,Jan,201101,Jan-11,Q1,2011
2011-01-11,1,Jan,201101,Jan-11,Q1,2011
2011-01-12,1,Jan,201101,Jan-11,Q1,2011
2011-01-13,1,Jan,201101,Jan-11,Q1,2011
2011-01-14,1,Jan,201101,Jan-11,Q1,2011
2011-01-15,1,Jan,201101,Jan-11,Q1,2011
2011-01-16,1,Jan,201101,Jan-11,Q1,2011
2011-01-17,1,Jan,201101,Jan-11,Q1,2011
2011-01-18,1,Jan,201101,Jan-11,Q1,2011
2011-01-19,1,Jan,201101,Jan-11,Q1,2011
2011-01-20,1,Jan,201101,Jan-11,Q1,2011
2011-01-21,1,Jan,201101,Jan-11,Q1,2011
2011-01-22,1,Jan,201101,Jan-11,Q1,2011
2011-01-23,1,Jan,201101,Jan-11,Q1,2011
2011-01-24,1,Jan,201101,Jan-11,Q1,2011
2011-01-25,1,Jan,201101,Jan-11,Q1,2011
2011-01-26,1,Jan,201101,Jan-11,Q1,2011
2011-01-27,1,Jan,201101,Jan-11,Q1,2011
2011-01-28,1,Jan,201101,Jan-11,Q1,2011
2011-01-29,1,Jan,201101,Jan-11,Q1,2011
2011-01-30,1,Jan,201101,Jan-11,Q1,2011
2011-01-31,1,Jan,201101,Jan-11,Q1,2011
2011-02-01,2,Feb,201102,Feb-11,Q1,2011
2011-02-02,2,Feb,201102,Feb-11,Q1,2011
2011-02-03,2,Feb,201102,Feb-11,Q1,2011
2011-02-04,2,Feb,201102,Feb-11,Q1,2011
2011-02-05,2,Feb,201102,Feb-11,Q1,2011
2011-02-06,2,Feb,201102,Feb-11,Q1,2011
2011-02-07,2,Feb,201102,Feb-11,Q1,2011
2011-02-08,2,Feb,201102,Feb-11,Q1,2011
2011-02-09,2,Feb,201102,Feb-11,Q1,2011
2011-02-10,2,Feb,201102,Feb-11,Q1,2011
2011-02-11,2,Feb,201102,Feb-11,Q1,2011
2011-02-12,2,Feb,201102,Feb-11,Q1,2011
2011-02-13,2,Feb,201102,Feb-11,Q1,2011
2011-02-14,2,Feb,201102,Feb-11,Q1,2011
2011-02-15,2,Feb,201102,Feb-11,Q1,2011
2011-02-16,2,Feb,201102,Feb-11,Q1,2011
2011-02-17,2,Feb,201102,Feb-11,Q1,2011
2011-02-18,2,Feb,201102,Feb-11,Q1,2011
2011-02-19,2,Feb,201102,Feb-11,Q1,2011
2011-02-20,2,Feb,201102,Feb-11,Q1,2011
2011-02-21,2,Feb,201102,Feb-11,Q1,2011
2011-02-22,2,Feb,201102,Feb-11,Q1,2011
2011-02-23,2,Feb,201102,Feb-11,Q1,2011
2011-02-24,2,Feb,201102,Feb-11,Q1,2011
2011-02-25,2,Feb,201102,Feb-11,Q1,2011
2011-02-26,2,Feb,201102,Feb-11,Q1,2011
2011-02-27,2,Feb,201102,Feb-11,Q1,2011
2011-02-28,2,Feb,201102,Feb-11,Q1,2011
2011-03-01,3,Mar,201103,Mar-11,Q1,2011
2011-03-02,3,Mar,201103,Mar-11,Q1,2011
2011-03-03,3,Mar,201103,Mar-11,Q1,2011
2011-03-04,3,Mar,201103,Mar-11,Q1,2011
2011-03-05,3,Mar,201103,Mar-11,Q1,2011
2011-03-06,3,Mar,201103,Mar-11,Q1,2011
2011-03-07,3,Mar,201103,Mar-11,Q1,2011
2011-03-08,3,Mar,201103,Mar-11,Q1,2011
2011-03-09,3,Mar,201103,Mar-11,Q1,2011
2011-03-10,3,Mar,201103,Mar-11,Q1,2011
2011-03-11,3,Mar,201103,Mar-11,Q1,2011
2011-03-12,3,Mar,201103,Mar-11,Q1,2011
2011-03-13,3,Mar,201103,Mar-11,Q1,2011
2011-03-14,3,Mar,201103,Mar-11,Q1,2011
2011-03-15,3,Mar,201103,Mar-11,Q1,2011
2011-03-16,3,Mar,201103,Mar-11,Q1,2011
2011-03-17,3,Mar,201103,Mar-11,Q1,2011
2011-03-18,3,Mar,201103,Mar-11,Q1,2011
2011-03-19,3,Mar,201103,Mar-11,Q1,2011
2011-03-20,3,Mar,201103,Mar-11,Q1,2011
2011-03-21,3,Mar,201103,Mar-11,Q1,2011
2011-03-22,3,Mar,201103,Mar-11,Q1,2011
2011-03-23,3,Mar,201103,Mar-11,Q1,2011
2011-03-24,3,Mar,201103,Mar-11,Q1,2011
2011-03-25,3,Mar,201103,Mar-11,Q1,2011
2011-03-26,3,Mar,201103,Mar-11,Q1,2011
2011-03-27,3,Mar,201103,Mar-11,Q1,2011
2011-03-28,3,Mar,201103,Mar-11,Q1,2011
2011-03-29,3,Mar,201103,Mar-11,Q1,2011
2011-03-30,3,Mar,201103,Mar-11,Q1,2011
2011-03-31,3,Mar,201103,Mar-11,Q1,2011
2011-04-01,4,Apr,201104,Apr-11,Q2,2011
2011-04-02,4,Apr,201104,Apr-11,Q2,2011
2011-04-03,4,Apr,201104,Apr-11,Q2,2011
2011-04-04,4,Apr,201104,Apr-11,Q2,2011
2011-04-05,4,Apr,201104,Apr-11,Q2,2011
2011-04-06,4,Apr,201104,Apr-11,Q2,2011
2011-04-07,4,Apr,201104,Apr-11,Q2,2011
2011-04-08,4,Apr,201104,Apr-11,Q2,2011
2011-04-09,4,Apr,201104,Apr-11,Q2,2011
2011-04-10,4,Apr,201104,Apr-11,Q2,2011
2011-04-11,4,Apr,201104,Apr-11,Q2,2011
2011-04-12,4,Apr,201104,Apr-11,Q2,2011
2011-04-13,4,Apr,201104,Apr-11,Q2,2011
2011-04-14,4,Apr,201104,Apr-11,Q2,2011
2011-04-15,4,Apr,201104,Apr-11,Q2,2011
2011-04-16,4,Apr,201104,Apr-11,Q2,2011
2011-04-17,4,Apr,201104,Apr-11,Q2,2011
2011-04-18,4,Apr,201104,Apr-11,Q2,2011
2011-04-19,4,Apr,201104,Apr-11,Q2,2011
2011-04-20,4,Apr,201104,Apr-11,Q2,2011
2011-04-21,4,Apr,201104,Apr-11,Q2,2011
2011-04-22,4,Apr,201104,Apr-11,Q2,2011
2011-04-23,4,Apr,201104,Apr-11,Q2,2011
2011-04-24,4,Apr,201104,Apr-11,Q2,2011
2011-04-25,4,Apr,201104,Apr-11,Q2,2011
2011-04-26,4,Apr,201104,Apr-11,Q2,2011
2011-04-27,4,Apr,201104,Apr-11,Q2,2011
2011-04-28,4,Apr,201104,Apr-11,Q2,2011
2011-04-29,4,Apr,201104,Apr-11,Q2,2011
2011-04-30,4,Apr,201104,Apr-11,Q2,2011
2011-05-01,5,May,201105,May-11,Q2,2011
2011-05-02,5,May,201105,May-11,Q2,2011
2011-05-03,5,May,201105,May-11,Q2,2011
2011-05-04,5,May,201105,May-11,Q2,2011
2011-05-05,5,May,201105,May-11,Q2,2011
2011-05-06,5,May,201105,May-11,Q2,2011
2011-05-07,5,May,201105,May-11,Q2,2011
2011-05-08,5,May,201105,May-11,Q2,2011
2011-05-09,5,May,201105,May-11,Q2,2011
2011-05-10,5,May,201105,May-11,Q2,2011
2011-05-11,5,May,201105,May-11,Q2,2011
2011-05-12,5,May,201105,May-11,Q2,2011
2011-05-13,5,May,201105,May-11,Q2,2011
2011-05-14,5,May,201105,May-11,Q2,2011
2011-05-15,5,May,201105,May-11,Q2,2011
2011-05-16,5,May,201105,May-11,Q2,2011
2011-05-17,5,May,201105,May-11,Q2,2011
2011-05-18,5,May,201105,May-11,Q2,2011
2011-05-19,5,May,201105,May-11,Q2,2011
2011-05-20,5,May,201105,May-11,Q2,2011
2011-05-21,5,May,201105,May-11,Q2,2011
2011-05-22,5,May,201105,May-11,Q2,2011
2011-05-23,5,May,201105,May-11,Q2,2011
2011-05-24,5,May,201105,May-11,Q2,2011
2011-05-25,5,May,201105,May-11,Q2,2011
2011-05-26,5,May,201105,May-11,Q2,2011
2011-05-27,5,May,201105,May-11,Q2,2011
2011-05-28,5,May,201105,May-11,Q2,2011
2011-05-29,5,May,201105,May-11,Q2,2011
2011-05-30,5,May,201105,May-11,Q2,2011
2011-05-31,5,May,201105,May-11,Q2,2011
2011-06-01,6,Jun,201106,Jun-11,Q2,2011
2011-06-02,6,Jun,201106,Jun-11,Q2,2011
2011-06-03,6,Jun,201106,Jun-11,Q2,2011
2011-06-04,6,Jun,201106,Jun-11,Q2,2011
2011-06-05,6,Jun,201106,Jun-11,Q2,2011
2011-06-06,6,Jun,201106,Jun-11,Q2,2011
2011-06-07,6,Jun,201106,Jun-11,Q2,2011
2011-06-08,6,Jun,201106,Jun-11,Q2,2011
2011-06-09,6,Jun,201106,Jun-11,Q2,2011
2011-06-10,6,Jun,201106,Jun-11,Q2,2011
2011-06-11,6,Jun,201106,Jun-11,Q2,2011
2011-06-12,6,Jun,201106,Jun-11,Q2,2011
2011-06-13,6,Jun,201106,Jun-11,Q2,2011
2011-06-14,6,Jun,201106,Jun-11,Q2,2011
2011-06-15,6,Jun,201106,Jun-11,Q2,2011
2011-06-16,6,Jun,201106,Jun-11,Q2,2011
2011-06-17,6,Jun,201106,Jun-11,Q2,2011
2011-06-18,6,Jun,201106,Jun-11,Q2,2011
2011-06-19,6,Jun,201106,Jun-11,Q2,2011
2011-06-20,6,Jun,201106,Jun-11,Q2,2011
2011-06-21,6,Jun,201106,Jun-11,Q2,2011
2011-06-22,6,Jun,201106,Jun-11,Q2,2011
2011-06-23,6,Jun,201106,Jun-11,Q2,2011
2011-06-24,6,Jun,201106,Jun-11,Q2,2011
2011-06-25,6,Jun,201106,Jun-11,Q2,2011
2011-06-26,6,Jun,201106,Jun-11,Q2,2011
2011-06-27,6,Jun,201106,Jun-11,Q2,2011
2011-06-28,6,Jun,201106,Jun-11,Q2,2011
2011-06-29,6,Jun,201106,Jun-11,Q2,2011
2011-06-30,6,Jun,201106,Jun-11,Q2,2011
2011-07-01,7,Jul,201107,Jul-11,Q3,2011
2011-07-02,7,Jul,201107,Jul-11,Q3,2011
2011-07-03,7,Jul,201107,Jul-11,Q3,2011
2011-07-04,7,Jul,201107,Jul-11,Q3,2011
2011-07-05,7,Jul,201107,Jul-11,Q3,2011
2011-07-06,7,Jul,201107,Jul-11,Q3,2011
2011-07-07,7,Jul,201107,Jul-11,Q3,2011
2011-07-08,7,Jul,201107,Jul-11,Q3,2011
2011-07-09,7,Jul,201107,Jul-11,Q3,2011
2011-07-10,7,Jul,201107,Jul-11,Q3,2011
2011-07-11,7,Jul,201107,Jul-11,Q3,2011
2011-07-12,7,Jul,201107,Jul-11,Q3,2011
2011-07-13,7,Jul,201107,Jul-11,Q3,2011
2011-07-14,7,Jul,201107,Jul-11,Q3,2011
2011-07-15,7,Jul,201107,Jul-11,Q3,2011
2011-07-16,7,Jul,201107,Jul-11,Q3,2011
2011-07-17,7,Jul,201107,Jul-11,Q3,2011
2011-07-18,7,Jul,201107,Jul-11,Q3,2011
2011-07-19,7,Jul,201107,Jul-11,Q3,2011
2011-07-20,7,Jul,201107,Jul-11,Q3,2011
2011-07-21,7,Jul,201107,Jul-11,Q3,2011
2011-07-22,7,Jul,201107,Jul-11,Q3,2011
2011-07-23,7,Jul,201107,Jul-11,Q3,2011
2011-07-24,7,Jul,201107,Jul-11,Q3,2011
2011-07-25,7,Jul,201107,Jul-11,Q3,2011
2011-07-26,7,Jul,201107,Jul-11,Q3,2011
2011-07-27,7,Jul,201107,Jul-11,Q3,2011
2011-07-28,7,Jul,201107,Jul-11,Q3,2011
2011-07-29,7,Jul,201107,Jul-11,Q3,2011
2011-07-30,7,Jul,201107,Jul-11,Q3,2011
2011-07-31,7,Jul,201107,Jul-11,Q3,2011
2011-08-01,8,Aug,201108,Aug-11,Q3,2011
2011-08-02,8,Aug,201108,Aug-11,Q3,2011
2011-08-03,8,Aug,201108,Aug-11,Q3,2011
2011-08-04,8,Aug,201108,Aug-11,Q3,2011
2011-08-05,8,Aug,201108,Aug-11,Q3,2011
2011-08-06,8,Aug,201108,Aug-11,Q3,2011
2011-08-07,8,Aug,201108,Aug-11,Q3,2011
2011-08-08,8,Aug,201108,Aug-11,Q3,2011
2011-08-09,8,Aug,201108,Aug-11,Q3,2011
2011-08-10,8,Aug,201108,Aug-11,Q3,2011
2011-08-11,8,Aug,201108,Aug-11,Q3,2011
2011-08-12,8,Aug,201108,Aug-11,Q3,2011
2011-08-13,8,Aug,201108,Aug-11,Q3,2011
2011-08-14,8,Aug,201108,Aug-11,Q3,2011
2011-08-15,8,Aug,201108,Aug-11,Q3,2011
2011-08-16,8,Aug,201108,Aug-11,Q3,2011
2011-08-17,8,Aug,201108,Aug-11,Q3,2011
2011-08-18,8,Aug,201108,Aug-11,Q3,2011
2011-08-19,8,Aug,201108,Aug-11,Q3,2011
2011-08-20,8,Aug,201108,Aug-11,Q3,2011
2011-08-21,8,Aug,201108,Aug-11,Q3,2011
2011-08-22,8,Aug,201108,Aug-11,Q3,2011
2011-08-23,8,Aug,201108,Aug-11,Q3,2011
2011-08-24,8,Aug,201108,Aug-11,Q3,2011
2011-08-25,8,Aug,201108,Aug-11,Q3,2011
2011-08-26,8,Aug,201108,Aug-11,Q3,2011
2011-08-27,8,Aug,201108,Aug-11,Q3,2011
2011-08-28,8,Aug,201108,Aug-11,Q3,2011
2011-08-29,8,Aug,201108,Aug-11,Q3,2011
2011-08-30,8,Aug,201108,Aug-11,Q3,2011
2011-08-31,8,Aug,201108,Aug-11,Q3,2011
2011-09-01,9,Sep,201109,Sep-11,Q3,2011
2011-09-02,9,Sep,201109,Sep-11,Q3,2011
2011-09-03,9,Sep,201109,Sep-11,Q3,2011
2011-09-04,9,Sep,201109,Sep-11,Q3,2011
2011-09-05,9,Sep,201109,Sep-11,Q3,2011
2011-09-06,9,Sep,201109,Sep-11,Q3,2011
2011-09-07,9,Sep,201109,Sep-11,Q3,2011
2011-09-08,9,Sep,201109,Sep-11,Q3,2011
2011-09-09,9,Sep,201109,Sep-11,Q3,2011
2011-09-10,9,Sep,201109,Sep-11,Q3,2011
2011-09-11,9,Sep,201109,Sep-11,Q3,2011
2011-09-12,9,Sep,201109,Sep-11,Q3,2011
2011-09-13,9,Sep,201109,Sep-11,Q3,2011
2011-09-14,9,Sep,201109,Sep-11,Q3,2011
2011-09-15,9,Sep,201109,Sep-11,Q3,2011
2011-09-16,9,Sep,201109,Sep-11,Q3,2011
2011-09-17,9,Sep,201109,Sep-11,Q3,2011
2011-09-18,9,Sep,201109,Sep-11,Q3,2011
2011-09-19,9,Sep,201109,Sep-11,Q3,2011
2011-09-20,9,Sep,201109,Sep-11,Q3,2011
2011-09-21,9,Sep,201109,Sep-11,Q3,2011
2011-09-22,9,Sep,201109,Sep-11,Q3,2011
2011-09-23,9,Sep,201109,Sep-11,Q3,2011
2011-09-24,9,Sep,201109,Sep-11,Q3,2011
2011-09-25,9,Sep,201109,Sep-11,Q3,2011
2011-09-26,9,Sep,201109,Sep-11,Q3,2011
2011-09-27,9,Sep,201109,Sep-11,Q3,2011
2011-09-28,9,Sep,201109,Sep-11,Q3,2011
2011-09-29,9,Sep,201109,Sep-11,Q3,2011
2011-09-30,9,Sep,201109,Sep-11,Q3,2011
2011-10-01,10,Oct,201110,Oct-11,Q4,2011
2011-10-02,10,Oct,201110,Oct-11,Q4,2011
2011-10-03,10,Oct,201110,Oct-11,Q4,2011
2011-10-04,10,Oct,201110,Oct-11,Q4,2011
2011-10-05,10,Oct,201110,Oct-11,Q4,2011
2011-10-06,10,Oct,201110,Oct-11,Q4,2011
2011-10-07,10,Oct,201110,Oct-11,Q4,2011
2011-10-08,10,Oct,201110,Oct-11,Q4,2011
2011-10-09,10,Oct,201110,Oct-11,Q4,2011
2011-10-10,10,Oct,201110,Oct-11,Q4,2011
2011-10-11,10,Oct,201110,Oct-11,Q4,2011
2011-10-12,10,Oct,201110,Oct-11,Q4,2011
2011-10-13,10,Oct,201110,Oct-11,Q4,2011
2011-10-14,10,Oct,201110,Oct-11,Q4,2011
2011-10-15,10,Oct,201110,Oct-11,Q4,2011
2011-10-16,10,Oct,201110,Oct-11,Q4,2011
2011-10-17,10,Oct,201110,Oct-11,Q4,2011
2011-10-18,10,Oct,201110,Oct-11,Q4,2011
2011-10-19,10,Oct,201110,Oct-11,Q4,2011
2011-10-20,10,Oct,201110,Oct-11,Q4,2011
2011-10-21,10,Oct,201110,Oct-11,Q4,2011
2011-10-22,10,Oct,201110,Oct-11,Q4,2011
2011-10-23,10,Oct,201110,Oct-11,Q4,2011
2011-10-24,10,Oct,201110,Oct-11,Q4,2011
2011-10-25,10,Oct,201110,Oct-11,Q4,2011
2011-10-26,10,Oct,201110,Oct-11,Q4,2011
2011-10-27,10,Oct,201110,Oct-11,Q4,2011
2011-10-28,10,Oct,201110,Oct-11,Q4,2011
2011-10-29,10,Oct,201110,Oct-11,Q4,2011
2011-10-30,10,Oct,201110,Oct-11,Q4,2011
2011-10-31,10,Oct,201110,Oct-11,Q4,2011
2011-11-01,11,Nov,201111,Nov-11,Q4,2011
2011-11-02,11,Nov,201111,Nov-11,Q4,2011
2011-11-03,11,Nov,201111,Nov-11,Q4,2011
2011-11-04,11,Nov,201111,Nov-11,Q4,2011
2011-11-05,11,Nov,201111,Nov-11,Q4,2011
2011-11-06,11,Nov,201111,Nov-11,Q4,2011
2011-11-07,11,Nov,201111,Nov-11,Q4,2011
2011-11-08,11,Nov,201111,Nov-11,Q4,2011
2011-11-09,11,Nov,201111,Nov-11,Q4,2011
2011-11-10,11,Nov,201111,Nov-11,Q4,2011
2011-11-11,11,Nov,201111,Nov-11,Q4,2011
2011-11-12,11,Nov,201111,Nov-11,Q4,2011
2011-11-13,11,Nov,201111,Nov-11,Q4,2011
2011-11-14,11,Nov,201111,Nov-11,Q4,2011
2011-11-15,11,Nov,201111,Nov-11,Q4,2011
2011-11-16,11,Nov,201111,Nov-11,Q4,2011
2011-11-17,11,Nov,201111,Nov-11,Q4,2011
2011-11-18,11,Nov,201111,Nov-11,Q4,2011
2011-11-19,11,Nov,201111,Nov-11,Q4,2011
2011-11-20,11,Nov,201111,Nov-11,Q4,2011
2011-11-21,11,Nov,201111,Nov-11,Q4,2011
2011-11-22,11,Nov,201111,Nov-11,Q4,2011
2011-11-23,11,Nov,201111,Nov-11,Q4,2011
2011-11-24,11,Nov,201111,Nov-11,Q4,2011
2011-11-25,11,Nov,201111,Nov-11,Q4,2011
2011-11-26,11,Nov,201111,Nov-11,Q4,2011
2011-11-27,11,Nov,201111,Nov-11,Q4,2011
2011-11-28,11,Nov,201111,Nov-11,Q4,2011
2011-11-29,11,Nov,201111,Nov-11,Q4,2011
2011-11-30,11,Nov,201111,Nov-11,Q4,2011
2011-12-01,12,Dec,201112,Dec-11,Q4,2011
2011-12-02,12,Dec,201112,Dec-11,Q4,2011
2011-12-03,12,Dec,201112,Dec-11,Q4,2011
2011-12-04,12,Dec,201112,Dec-11,Q4,2011
2011-12-05,12,Dec,201112,Dec-11,Q4,2011
2011-12-06,12,Dec,201112,Dec-11,Q4,2011
2011-12-07,12,Dec,201112,Dec-11,Q4,2011
2011-12-08,12,Dec,201112,Dec-11,Q4,2011
2011-12-09,12,Dec,201112,Dec-11,Q4,2011
2011-12-10,12,Dec,201112,Dec-11,Q4,2011
2011-12-11,12,Dec,201112,Dec-11,Q4,2011
2011-12-12,12,Dec,201112,Dec-11,Q4,2011
2011-12-13,12,Dec,201112,Dec-11,Q4,2011
2011-12-14,12,Dec,201112,Dec-11,Q4,2011
2011-12-15,12,Dec,201112,Dec-11,Q4,2011
2011-12-16,12,Dec,201112,Dec-11,Q4,2011
2011-12-17,12,Dec,201112,Dec-11,Q4,2011
2011-12-18,12,Dec,201112,Dec-11,Q4,2011
2011-12-19,12,Dec,201112,Dec-11,Q4,2011
2011-12-20,12,Dec,201112,Dec-11,Q4,2011
2011-12-21,12,Dec,201112,Dec-11,Q4,2011
2011-12-22,12,Dec,201112,Dec-11,Q4,2011
2011-12-23,12,Dec,201112,Dec-11,Q4,2011
2011-12-24,12,Dec,201112,Dec-11,Q4,2011
2011-12-25,12,Dec,201112,Dec-11,Q4,2011
2011-12-26,12,Dec,201112,Dec-11,Q4,2011
2011-12-27,12,Dec,201112,Dec-11,Q4,2011
2011-12-28,12,Dec,201112,Dec-11,Q4,2011
2011-12-29,12,Dec,201112,Dec-11,Q4,2011
2011-12-30,12,Dec,201112,Dec-11,Q4,2011
2011-12-31,12,Dec,201112,Dec-11,Q4,2011
2012-01-01,1,Jan,201201,Jan-12,Q1,2012
2012-01-02,1,Jan,201201,Jan-12,Q1,2012
2012-01-03,1,Jan,201201,Jan-12,Q1,2012
2012-01-04,1,Jan,201201,Jan-12,Q1,2012
2012-01-05,1,Jan,201201,Jan-12,Q1,2012
2012-01-06,1,Jan,201201,Jan-12,Q1,2012
2012-01-07,1,Jan,201201,Jan-12,Q1,2012
2012-01-08,1,Jan,201201,Jan-12,Q1,2012
2012-01-09,1,Jan,201201,Jan-12,Q1,2012
2012-01-10,1,Jan,201201,Jan-12,Q1,2012
2012-01-11,1,Jan,201201,Jan-12,Q1,2012
2012-01-12,1,Jan,201201,Jan-12,Q1,2012
2012-01-13,1,Jan,201201,Jan-12,Q1,2012
2012-01-14,1,Jan,201201,Jan-12,Q1,2012
2012-01-15,1,Jan,201201,Jan-12,Q1,2012
2012-01-16,1,Jan,201201,Jan-12,Q1,2012
2012-01-17,1,Jan,201201,Jan-12,Q1,2012
2012-01-18,1,Jan,201201,Jan-12,Q1,2012
2012-01-19,1,Jan,201201,Jan-12,Q1,2012
2012-01-20,1,Jan,201201,Jan-12,Q1,2012
2012-01-21,1,Jan,201201,Jan-12,Q1,2012
2012-01-22,1,Jan,201201,Jan-12,Q1,2012
2012-01-23,1,Jan,201201,Jan-12,Q1,2012
2012-01-24,1,Jan,201201,Jan-12,Q1,2012
2012-01-25,1,Jan,201201,Jan-12,Q1,2012
2012-01-26,1,Jan,201201,Jan-12,Q1,2012
2012-01-27,1,Jan,201201,Jan-12,Q1,2012
2012-01-28,1,Jan,201201,Jan-12,Q1,2012
2012-01-29,1,Jan,201201,Jan-12,Q1,2012
2012-01-30,1,Jan,201201,Jan-12,Q1,2012
2012-01-31,1,Jan,201201,Jan-12,Q1,2012
2012-02-01,2,Feb,201202,Feb-12,Q1,2012
2012-02-02,2,Feb,201202,Feb-12,Q1,2012
2012-02-03,2,Feb,201202,Feb-12,Q1,2012
2012-02-04,2,Feb,201202,Feb-12,Q1,2012
2012-02-05,2,Feb,201202,Feb-12,Q1,2012
2012-02-06,2,Feb,201202,Feb-12,Q1,2012
2012-02-07,2,Feb,201202,Feb-12,Q1,2012
2012-02-08,2,Feb,201202,Feb-12,Q1,2012
2012-02-09,2,Feb,201202,Feb-12,Q1,2012
2012-02-10,2,Feb,201202,Feb-12,Q1,2012
2012-02-11,2,Feb,201202,Feb-12,Q1,2012
2012-02-12,2,Feb,201202,Feb-12,Q1,2012
2012-02-13,2,Feb,201202,Feb-12,Q1,2012
2012-02-14,2,Feb,201202,Feb-12,Q1,2012
2012-02-15,2,Feb,201202,Feb-12,Q1,2012
2012-02-16,2,Feb,201202,Feb-12,Q1,2012
2012-02-17,2,Feb,201202,Feb-12,Q1,2012
2012-02-18,2,Feb,201202,Feb-12,Q1,2012
2012-02-19,2,Feb,201202,Feb-12,Q1,2012
2012-02-20,2,Feb,201202,Feb-12,Q1,2012
2012-02-21,2,Feb,201202,Feb-12,Q1,2012
2012-02-22,2,Feb,201202,Feb-12,Q1,2012
2012-02-23,2,Feb,201202,Feb-12,Q1,2012
2012-02-24,2,Feb,201202,Feb-12,Q1,2012
2012-02-25,2,Feb,201202,Feb-12,Q1,2012
2012-02-26,2,Feb,201202,Feb-12,Q1,2012
2012-02-27,2,Feb,201202,Feb-12,Q1,2012
2012-02-28,2,Feb,201202,Feb-12,Q1,2012
2012-02-29,2,Feb,201202,Feb-12,Q1,2012
2012-03-01,3,Mar,201203,Mar-12,Q1,2012
2012-03-02,3,Mar,201203,Mar-12,Q1,2012
2012-03-03,3,Mar,201203,Mar-12,Q1,2012
2012-03-04,3,Mar,201203,Mar-12,Q1,2012
2012-03-05,3,Mar,201203,Mar-12,Q1,2012
2012-03-06,3,Mar,201203,Mar-12,Q1,2012
2012-03-07,3,Mar,201203,Mar-12,Q1,2012
2012-03-08,3,Mar,201203,Mar-12,Q1,2012
2012-03-09,3,Mar,201203,Mar-12,Q1,2012
2012-03-10,3,Mar,201203,Mar-12,Q1,2012
2012-03-11,3,Mar,201203,Mar-12,Q1,2012
2012-03-12,3,Mar,201203,Mar-12,Q1,2012
2012-03-13,3,Mar,201203,Mar-12,Q1,2012
2012-03-14,3,Mar,201203,Mar-12,Q1,2012
2012-03-15,3,Mar,201203,Mar-12,Q1,2012
2012-03-16,3,Mar,201203,Mar-12,Q1,2012
2012-03-17,3,Mar,201203,Mar-12,Q1,2012
2012-03-18,3,Mar,201203,Mar-12,Q1,2012
2012-03-19,3,Mar,201203,Mar-12,Q1,2012
2012-03-20,3,Mar,201203,Mar-12,Q1,2012
2012-03-21,3,Mar,201203,Mar-12,Q1,2012
2012-03-22,3,Mar,201203,Mar-12,Q1,2012
2012-03-23,3,Mar,201203,Mar-12,Q1,2012
2012-03-24,3,Mar,201203,Mar-12,Q1,2012
2012-03-25,3,Mar,201203,Mar-12,Q1,2012
2012-03-26,3,Mar,201203,Mar-12,Q1,2012
2012-03-27,3,Mar,201203,Mar-12,Q1,2012
2012-03-28,3,Mar,201203,Mar-12,Q1,2012
2012-03-29,3,Mar,201203,Mar-12,Q1,2012
2012-03-30,3,Mar,201203,Mar-12,Q1,2012
2012-03-31,3,Mar,201203,Mar-12,Q1,2012
2012-04-01,4,Apr,201204,Apr-12,Q2,2012
2012-04-02,4,Apr,201204,Apr-12,Q2,2012
2012-04-03,4,Apr,201204,Apr-12,Q2,2012
2012-04-04,4,Apr,201204,Apr-12,Q2,2012
2012-04-05,4,Apr,201204,Apr-12,Q2,2012
2012-04-06,4,Apr,201204,Apr-12,Q2,2012
2012-04-07,4,Apr,201204,Apr-12,Q2,2012
2012-04-08,4,Apr,201204,Apr-12,Q2,2012
2012-04-09,4,Apr,201204,Apr-12,Q2,2012
2012-04-10,4,Apr,201204,Apr-12,Q2,2012
2012-04-11,4,Apr,201204,Apr-12,Q2,2012
2012-04-12,4,Apr,201204,Apr-12,Q2,2012
2012-04-13,4,Apr,201204,Apr-12,Q2,2012
2012-04-14,4,Apr,201204,Apr-12,Q2,2012
2012-04-15,4,Apr,201204,Apr-12,Q2,2012
2012-04-16,4,Apr,201204,Apr-12,Q2,2012
2012-04-17,4,Apr,201204,Apr-12,Q2,2012
2012-04-18,4,Apr,201204,Apr-12,Q2,2012
2012-04-19,4,Apr,201204,Apr-12,Q2,2012
2012-04-20,4,Apr,201204,Apr-12,Q2,2012
2012-04-21,4,Apr,201204,Apr-12,Q2,2012
2012-04-22,4,Apr,201204,Apr-12,Q2,2012
2012-04-23,4,Apr,201204,Apr-12,Q2,2012
2012-04-24,4,Apr,201204,Apr-12,Q2,2012
2012-04-25,4,Apr,201204,Apr-12,Q2,2012
2012-04-26,4,Apr,201204,Apr-12,Q2,2012
2012-04-27,4,Apr,201204,Apr-12,Q2,2012
2012-04-28,4,Apr,201204,Apr-12,Q2,2012
2012-04-29,4,Apr,201204,Apr-12,Q2,2012
2012-04-30,4,Apr,201204,Apr-12,Q2,2012
2012-05-01,5,May,201205,May-12,Q2,2012
2012-05-02,5,May,201205,May-12,Q2,2012
2012-05-03,5,May,201205,May-12,Q2,2012
2012-05-04,5,May,201205,May-12,Q2,2012
2012-05-05,5,May,201205,May-12,Q2,2012
2012-05-06,5,May,201205,May-12,Q2,2012
2012-05-07,5,May,201205,May-12,Q2,2012
2012-05-08,5,May,201205,May-12,Q2,2012
2012-05-09,5,May,201205,May-12,Q2,2012
2012-05-10,5,May,201205,May-12,Q2,2012
2012-05-11,5,May,201205,May-12,Q2,2012
2012-05-12,5,May,201205,May-12,Q2,2012
2012-05-13,5,May,201205,May-12,Q2,2012
2012-05-14,5,May,201205,May-12,Q2,2012
2012-05-15,5,May,201205,May-12,Q2,2012
2012-05-16,5,May,201205,May-12,Q2,2012
2012-05-17,5,May,201205,May-12,Q2,2012
2012-05-18,5,May,201205,May-12,Q2,2012
2012-05-19,5,May,201205,May-12,Q2,2012
2012-05-20,5,May,201205,May-12,Q2,2012
2012-05-21,5,May,201205,May-12,Q2,2012
2012-05-22,5,May,201205,May-12,Q2,2012
2012-05-23,5,May,201205,May-12,Q2,2012
2012-05-24,5,May,201205,May-12,Q2,2012
2012-05-25,5,May,201205,May-12,Q2,2012
2012-05-26,5,May,201205,May-12,Q2,2012
2012-05-27,5,May,201205,May-12,Q2,2012
2012-05-28,5,May,201205,May-12,Q2,2012
2012-05-29,5,May,201205,May-12,Q2,2012
2012-05-30,5,May,201205,May-12,Q2,2012
2012-05-31,5,May,201205,May-12,Q2,2012
2012-06-01,6,Jun,201206,Jun-12,Q2,2012
2012-06-02,6,Jun,201206,Jun-12,Q2,2012
2012-06-03,6,Jun,201206,Jun-12,Q2,2012
2012-06-04,6,Jun,201206,Jun-12,Q2,2012
2012-06-05,6,Jun,201206,Jun-12,Q2,2012
2012-06-06,6,Jun,201206,Jun-12,Q2,2012
2012-06-07,6,Jun,201206,Jun-12,Q2,2012
2012-06-08,6,Jun,201206,Jun-12,Q2,2012
2012-06-09,6,Jun,201206,Jun-12,Q2,2012
2012-06-10,6,Jun,201206,Jun-12,Q2,2012
2012-06-11,6,Jun,201206,Jun-12,Q2,2012
2012-06-12,6,Jun,201206,Jun-12,Q2,2012
2012-06-13,6,Jun,201206,Jun-12,Q2,2012
2012-06-14,6,Jun,201206,Jun-12,Q2,2012
2012-06-15,6,Jun,201206,Jun-12,Q2,2012
2012-06-16,6,Jun,201206,Jun-12,Q2,2012
2012-06-17,6,Jun,201206,Jun-12,Q2,2012
2012-06-18,6,Jun,201206,Jun-12,Q2,2012
2012-06-19,6,Jun,201206,Jun-12,Q2,2012
2012-06-20,6,Jun,201206,Jun-12,Q2,2012
2012-06-21,6,Jun,201206,Jun-12,Q2,2012
2012-06-22,6,Jun,201206,Jun-12,Q2,2012
2012-06-23,6,Jun,201206,Jun-12,Q2,2012
2012-06-24,6,Jun,201206,Jun-12,Q2,2012
2012-06-25,6,Jun,201206,Jun-12,Q2,2012
2012-06-26,6,Jun,201206,Jun-12,Q2,2012
2012-06-27,6,Jun,201206,Jun-12,Q2,2012
2012-06-28,6,Jun,201206,Jun-12,Q2,2012
2012-06-29,6,Jun,201206,Jun-12,Q2,2012
2012-06-30,6,Jun,201206,Jun-12,Q2,2012
2012-07-01,7,Jul,201207,Jul-12,Q3,2012
2012-07-02,7,Jul,201207,Jul-12,Q3,2012
2012-07-03,7,Jul,201207,Jul-12,Q3,2012
2012-07-04,7,Jul,201207,Jul-12,Q3,2012
2012-07-05,7,Jul,201207,Jul-12,Q3,2012
2012-07-06,7,Jul,201207,Jul-12,Q3,2012
2012-07-07,7,Jul,201207,Jul-12,Q3,2012
2012-07-08,7,Jul,201207,Jul-12,Q3,2012
2012-07-09,7,Jul,201207,Jul-12,Q3,2012
2012-07-10,7,Jul,201207,Jul-12,Q3,2012
2012-07-11,7,Jul,201207,Jul-12,Q3,2012
2012-07-12,7,Jul,201207,Jul-12,Q3,2012
2012-07-13,7,Jul,201207,Jul-12,Q3,2012
2012-07-14,7,Jul,201207,Jul-12,Q3,2012
2012-07-15,7,Jul,201207,Jul-12,Q3,2012
2012-07-16,7,Jul,201207,Jul-12,Q3,2012
2012-07-17,7,Jul,201207,Jul-12,Q3,2012
2012-07-18,7,Jul,201207,Jul-12,Q3,2012
2012-07-19,7,Jul,201207,Jul-12,Q3,2012
2012-07-20,7,Jul,201207,Jul-12,Q3,2012
2012-07-21,7,Jul,201207,Jul-12,Q3,2012
2012-07-22,7,Jul,201207,Jul-12,Q3,2012
2012-07-23,7,Jul,201207,Jul-12,Q3,2012
2012-07-24,7,Jul,201207,Jul-12,Q3,2012
2012-07-25,7,Jul,201207,Jul-12,Q3,2012
2012-07-26,7,Jul,201207,Jul-12,Q3,2012
2012-07-27,7,Jul,201207,Jul-12,Q3,2012
2012-07-28,7,Jul,201207,Jul-12,Q3,2012
2012-07-29,7,Jul,201207,Jul-12,Q3,2012
2012-07-30,7,Jul,201207,Jul-12,Q3,2012
2012-07-31,7,Jul,201207,Jul-12,Q3,2012
2012-08-01,8,Aug,201208,Aug-12,Q3,2012
2012-08-02,8,Aug,201208,Aug-12,Q3,2012
2012-08-03,8,Aug,201208,Aug-12,Q3,2012
2012-08-04,8,Aug,201208,Aug-12,Q3,2012
2012-08-05,8,Aug,201208,Aug-12,Q3,2012
2012-08-06,8,Aug,201208,Aug-12,Q3,2012
2012-08-07,8,Aug,201208,Aug-12,Q3,2012
2012-08-08,8,Aug,201208,Aug-12,Q3,2012
2012-08-09,8,Aug,201208,Aug-12,Q3,2012
2012-08-10,8,Aug,201208,Aug-12,Q3,2012
2012-08-11,8,Aug,201208,Aug-12,Q3,2012
2012-08-12,8,Aug,201208,Aug-12,Q3,2012
2012-08-13,8,Aug,201208,Aug-12,Q3,2012
2012-08-14,8,Aug,201208,Aug-12,Q3,2012
2012-08-15,8,Aug,201208,Aug-12,Q3,2012
2012-08-16,8,Aug,201208,Aug-12,Q3,2012
2012-08-17,8,Aug,201208,Aug-12,Q3,2012
2012-08-18,8,Aug,201208,Aug-12,Q3,2012
2012-08-19,8,Aug,201208,Aug-12,Q3,2012
2012-08-20,8,Aug,201208,Aug-12,Q3,2012
2012-08-21,8,Aug,201208,Aug-12,Q3,2012
2012-08-22,8,Aug,201208,Aug-12,Q3,2012
2012-08-23,8,Aug,201208,Aug-12,Q3,2012
2012-08-24,8,Aug,201208,Aug-12,Q3,2012
2012-08-25,8,Aug,201208,Aug-12,Q3,2012
2012-08-26,8,Aug,201208,Aug-12,Q3,2012
2012-08-27,8,Aug,201208,Aug-12,Q3,2012
2012-08-28,8,Aug,201208,Aug-12,Q3,2012
2012-08-29,8,Aug,201208,Aug-12,Q3,2012
2012-08-30,8,Aug,201208,Aug-12,Q3,2012
2012-08-31,8,Aug,201208,Aug-12,Q3,2012
2012-09-01,9,Sep,201209,Sep-12,Q3,2012
2012-09-02,9,Sep,201209,Sep-12,Q3,2012
2012-09-03,9,Sep,201209,Sep-12,Q3,2012
2012-09-04,9,Sep,201209,Sep-12,Q3,2012
2012-09-05,9,Sep,201209,Sep-12,Q3,2012
2012-09-06,9,Sep,201209,Sep-12,Q3,2012
2012-09-07,9,Sep,201209,Sep-12,Q3,2012
2012-09-08,9,Sep,201209,Sep-12,Q3,2012
2012-09-09,9,Sep,201209,Sep-12,Q3,2012
2012-09-10,9,Sep,201209,Sep-12,Q3,2012
2012-09-11,9,Sep,201209,Sep-12,Q3,2012
2012-09-12,9,Sep,201209,Sep-12,Q3,2012
2012-09-13,9,Sep,201209,Sep-12,Q3,2012
2012-09-14,9,Sep,201209,Sep-12,Q3,2012
2012-09-15,9,Sep,201209,Sep-12,Q3,2012
2012-09-16,9,Sep,201209,Sep-12,Q3,2012
2012-09-17,9,Sep,201209,Sep-12,Q3,2012
2012-09-18,9,Sep,201209,Sep-12,Q3,2012
2012-09-19,9,Sep,201209,Sep-12,Q3,2012
2012-09-20,9,Sep,201209,Sep-12,Q3,2012
2012-09-21,9,Sep,201209,Sep-12,Q3,2012
2012-09-22,9,Sep,201209,Sep-12,Q3,2012
2012-09-23,9,Sep,201209,Sep-12,Q3,2012
2012-09-24,9,Sep,201209,Sep-12,Q3,2012
2012-09-25,9,Sep,201209,Sep-12,Q3,2012
2012-09-26,9,Sep,201209,Sep-12,Q3,2012
2012-09-27,9,Sep,201209,Sep-12,Q3,2012
2012-09-28,9,Sep,201209,Sep-12,Q3,2012
2012-09-29,9,Sep,201209,Sep-12,Q3,2012
2012-09-30,9,Sep,201209,Sep-12,Q3,2012
2012-10-01,10,Oct,201210,Oct-12,Q4,2012
2012-10-02,10,Oct,201210,Oct-12,Q4,2012
2012-10-03,10,Oct,201210,Oct-12,Q4,2012
2012-10-04,10,Oct,201210,Oct-12,Q4,2012
2012-10-05,10,Oct,201210,Oct-12,Q4,2012
2012-10-06,10,Oct,201210,Oct-12,Q4,2012
2012-10-07,10,Oct,201210,Oct-12,Q4,2012
2012-10-08,10,Oct,201210,Oct-12,Q4,2012
2012-10-09,10,Oct,201210,Oct-12,Q4,2012
2012-10-10,10,Oct,201210,Oct-12,Q4,2012
2012-10-11,10,Oct,201210,Oct-12,Q4,2012
2012-10-12,10,Oct,201210,Oct-12,Q4,2012
2012-10-13,10,Oct,201210,Oct-12,Q4,2012
2012-10-14,10,Oct,201210,Oct-12,Q4,2012
2012-10-15,10,Oct,201210,Oct-12,Q4,2012
2012-10-16,10,Oct,201210,Oct-12,Q4,2012
2012-10-17,10,Oct,201210,Oct-12,Q4,2012
2012-10-18,10,Oct,201210,Oct-12,Q4,2012
2012-10-19,10,Oct,201210,Oct-12,Q4,2012
2012-10-20,10,Oct,201210,Oct-12,Q4,2012
2012-10-21,10,Oct,201210,Oct-12,Q4,2012
2012-10-22,10,Oct,201210,Oct-12,Q4,2012
2012-10-23,10,Oct,201210,Oct-12,Q4,2012
2012-10-24,10,Oct,201210,Oct-12,Q4,2012
2012-10-25,10,Oct,201210,Oct-12,Q4,2012
2012-10-26,10,Oct,201210,Oct-12,Q4,2012
2012-10-27,10,Oct,201210,Oct-12,Q4,2012
2012-10-28,10,Oct,201210,Oct-12,Q4,2012
2012-10-29,10,Oct,201210,Oct-12,Q4,2012
2012-10-30,10,Oct,201210,Oct-12,Q4,2012
2012-10-31,10,Oct,201210,Oct-12,Q4,2012
2012-11-01,11,Nov,201211,Nov-12,Q4,2012
2012-11-02,11,Nov,201211,Nov-12,Q4,2012
2012-11-03,11,Nov,201211,Nov-12,Q4,2012
2012-11-04,11,Nov,201211,Nov-12,Q4,2012
2012-11-05,11,Nov,201211,Nov-12,Q4,2012
2012-11-06,11,Nov,201211,Nov-12,Q4,2012
2012-11-07,11,Nov,201211,Nov-12,Q4,2012
2012-11-08,11,Nov,201211,Nov-12,Q4,2012
2012-11-09,11,Nov,201211,Nov-12,Q4,2012
2012-11-10,11,Nov,201211,Nov-12,Q4,2012
2012-11-11,11,Nov,201211,Nov-12,Q4,2012
2012-11-12,11,Nov,201211,Nov-12,Q4,2012
2012-11-13,11,Nov,201211,Nov-12,Q4,2012
2012-11-14,11,Nov,201211,Nov-12,Q4,2012
2012-11-15,11,Nov,201211,Nov-12,Q4,2012
2012-11-16,11,Nov,201211,Nov-12,Q4,2012
2012-11-17,11,Nov,201211,Nov-12,Q4,2012
2012-11-18,11,Nov,201211,Nov-12,Q4,2012
2012-11-19,11,Nov,201211,Nov-12,Q4,2012
2012-11-20,11,Nov,201211,Nov-12,Q4,2012
2012-11-21,11,Nov,201211,Nov-12,Q4,2012
2012-11-22,11,Nov,201211,Nov-12,Q4,2012
2012-11-23,11,Nov,201211,Nov-12,Q4,2012
2012-11-24,11,Nov,201211,Nov-12,Q4,2012
2012-11-25,11,Nov,201211,Nov-12,Q4,2012
2012-11-26,11,Nov,201211,Nov-12,Q4,2012
2012-11-27,11,Nov,201211,Nov-12,Q4,2012
2012-11-28,11,Nov,201211,Nov-12,Q4,2012
2012-11-29,11,Nov,201211,Nov-12,Q4,2012
2012-11-30,11,Nov,201211,Nov-12,Q4,2012
2012-12-01,12,Dec,201212,Dec-12,Q4,2012
2012-12-02,12,Dec,201212,Dec-12,Q4,2012
2012-12-03,12,Dec,201212,Dec-12,Q4,2012
2012-12-04,12,Dec,201212,Dec-12,Q4,2012
2012-12-05,12,Dec,201212,Dec-12,Q4,2012
2012-12-06,12,Dec,201212,Dec-12,Q4,2012
2012-12-07,12,Dec,201212,Dec-12,Q4,2012
2012-12-08,12,Dec,201212,Dec-12,Q4,2012
2012-12-09,12,Dec,201212,Dec-12,Q4,2012
2012-12-10,12,Dec,201212,Dec-12,Q4,2012
2012-12-11,12,Dec,201212,Dec-12,Q4,2012
2012-12-12,12,Dec,201212,Dec-12,Q4,2012
2012-12-13,12,Dec,201212,Dec-12,Q4,2012
2012-12-14,12,Dec,201212,Dec-12,Q4,2012
2012-12-15,12,Dec,201212,Dec-12,Q4,2012
2012-12-16,12,Dec,201212,Dec-12,Q4,2012
2012-12-17,12,Dec,201212,Dec-12,Q4,2012
2012-12-18,12,Dec,201212,Dec-12,Q4,2012
2012-12-19,12,Dec,201212,Dec-12,Q4,2012
2012-12-20,12,Dec,201212,Dec-12,Q4,2012
2012-12-21,12,Dec,201212,Dec-12,Q4,2012
2012-12-22,12,Dec,201212,Dec-12,Q4,2012
2012-12-23,12,Dec,201212,Dec-12,Q4,2012
2012-12-24,12,Dec,201212,Dec-12,Q4,2012
2012-12-25,12,Dec,201212,Dec-12,Q4,2012
2012-12-26,12,Dec,201212,Dec-12,Q4,2012
2012-12-27,12,Dec,201212,Dec-12,Q4,2012
2012-12-28,12,Dec,201212,Dec-12,Q4,2012
2012-12-29,12,Dec,201212,Dec-12,Q4,2012
2012-12-30,12,Dec,201212,Dec-12,Q4,2012
2012-12-31,12,Dec,201212,Dec-12,Q4,2012
2013-01-01,1,Jan,201301,Jan-13,Q1,2013
2013-01-02,1,Jan,201301,Jan-13,Q1,2013
2013-01-03,1,Jan,201301,Jan-13,Q1,2013
2013-01-04,1,Jan,201301,Jan-13,Q1,2013
2013-01-05,1,Jan,201301,Jan-13,Q1,2013
2013-01-06,1,Jan,201301,Jan-13,Q1,2013
2013-01-07,1,Jan,201301,Jan-13,Q1,2013
2013-01-08,1,Jan,201301,Jan-13,Q1,2013
2013-01-09,1,Jan,201301,Jan-13,Q1,2013
2013-01-10,1,Jan,201301,Jan-13,Q1,2013
2013-01-11,1,Jan,201301,Jan-13,Q1,2013
2013-01-12,1,Jan,201301,Jan-13,Q1,2013
2013-01-13,1,Jan,201301,Jan-13,Q1,2013
2013-01-14,1,Jan,201301,Jan-13,Q1,2013
2013-01-15,1,Jan,201301,Jan-13,Q1,2013
2013-01-16,1,Jan,201301,Jan-13,Q1,2013
2013-01-17,1,Jan,201301,Jan-13,Q1,2013
2013-01-18,1,Jan,201301,Jan-13,Q1,2013
2013-01-19,1,Jan,201301,Jan-13,Q1,2013
2013-01-20,1,Jan,201301,Jan-13,Q1,2013
2013-01-21,1,Jan,201301,Jan-13,Q1,2013
2013-01-22,1,Jan,201301,Jan-13,Q1,2013
2013-01-23,1,Jan,201301,Jan-13,Q1,2013
2013-01-24,1,Jan,201301,Jan-13,Q1,2013
2013-01-25,1,Jan,201301,Jan-13,Q1,2013
2013-01-26,1,Jan,201301,Jan-13,Q1,2013
2013-01-27,1,Jan,201301,Jan-13,Q1,2013
2013-01-28,1,Jan,201301,Jan-13,Q1,2013
2013-01-29,1,Jan,201301,Jan-13,Q1,2013
2013-01-30,1,Jan,201301,Jan-13,Q1,2013
2013-01-31,1,Jan,201301,Jan-13,Q1,2013
2013-02-01,2,Feb,201302,Feb-13,Q1,2013
2013-02-02,2,Feb,201302,Feb-13,Q1,2013
2013-02-03,2,Feb,201302,Feb-13,Q1,2013
2013-02-04,2,Feb,201302,Feb-13,Q1,2013
2013-02-05,2,Feb,201302,Feb-13,Q1,2013
2013-02-06,2,Feb,201302,Feb-13,Q1,2013
2013-02-07,2,Feb,201302,Feb-13,Q1,2013
2013-02-08,2,Feb,201302,Feb-13,Q1,2013
2013-02-09,2,Feb,201302,Feb-13,Q1,2013
2013-02-10,2,Feb,201302,Feb-13,Q1,2013
2013-02-11,2,Feb,201302,Feb-13,Q1,2013
2013-02-12,2,Feb,201302,Feb-13,Q1,2013
2013-02-13,2,Feb,201302,Feb-13,Q1,2013
2013-02-14,2,Feb,201302,Feb-13,Q1,2013
2013-02-15,2,Feb,201302,Feb-13,Q1,2013
2013-02-16,2,Feb,201302,Feb-13,Q1,2013
2013-02-17,2,Feb,201302,Feb-13,Q1,2013
2013-02-18,2,Feb,201302,Feb-13,Q1,2013
2013-02-19,2,Feb,201302,Feb-13,Q1,2013
2013-02-20,2,Feb,201302,Feb-13,Q1,2013
2013-02-21,2,Feb,201302,Feb-13,Q1,2013
2013-02-22,2,Feb,201302,Feb-13,Q1,2013
2013-02-23,2,Feb,201302,Feb-13,Q1,2013
2013-02-24,2,Feb,201302,Feb-13,Q1,2013
2013-02-25,2,Feb,201302,Feb-13,Q1,2013
2013-02-26,2,Feb,201302,Feb-13,Q1,2013
2013-02-27,2,Feb,201302,Feb-13,Q1,2013
2013-02-28,2,Feb,201302,Feb-13,Q1,2013
2013-03-01,3,Mar,201303,Mar-13,Q1,2013
2013-03-02,3,Mar,201303,Mar-13,Q1,2013
2013-03-03,3,Mar,201303,Mar-13,Q1,2013
2013-03-04,3,Mar,201303,Mar-13,Q1,2013
2013-03-05,3,Mar,201303,Mar-13,Q1,2013
2013-03-06,3,Mar,201303,Mar-13,Q1,2013
2013-03-07,3,Mar,201303,Mar-13,Q1,2013
2013-03-08,3,Mar,201303,Mar-13,Q1,2013
2013-03-09,3,Mar,201303,Mar-13,Q1,2013
2013-03-10,3,Mar,201303,Mar-13,Q1,2013
2013-03-11,3,Mar,201303,Mar-13,Q1,2013
2013-03-12,3,Mar,201303,Mar-13,Q1,2013
2013-03-13,3,Mar,201303,Mar-13,Q1,2013
2013-03-14,3,Mar,201303,Mar-13,Q1,2013
2013-03-15,3,Mar,201303,Mar-13,Q1,2013
2013-03-16,3,Mar,201303,Mar-13,Q1,2013
2013-03-17,3,Mar,201303,Mar-13,Q1,2013
2013-03-18,3,Mar,201303,Mar-13,Q1,2013
2013-03-19,3,Mar,201303,Mar-13,Q1,2013
2013-03-20,3,Mar,201303,Mar-13,Q1,2013
2013-03-21,3,Mar,201303,Mar-13,Q1,2013
2013-03-22,3,Mar,201303,Mar-13,Q1,2013
2013-03-23,3,Mar,201303,Mar-13,Q1,2013
2013-03-24,3,Mar,201303,Mar-13,Q1,2013
2013-03-25,3,Mar,201303,Mar-13,Q1,2013
2013-03-26,3,Mar,201303,Mar-13,Q1,2013
2013-03-27,3,Mar,201303,Mar-13,Q1,2013
2013-03-28,3,Mar,201303,Mar-13,Q1,2013
2013-03-29,3,Mar,201303,Mar-13,Q1,2013
2013-03-30,3,Mar,201303,Mar-13,Q1,2013
2013-03-31,3,Mar,201303,Mar-13,Q1,2013
2013-04-01,4,Apr,201304,Apr-13,Q2,2013
2013-04-02,4,Apr,201304,Apr-13,Q2,2013
2013-04-03,4,Apr,201304,Apr-13,Q2,2013
2013-04-04,4,Apr,201304,Apr-13,Q2,2013
2013-04-05,4,Apr,201304,Apr-13,Q2,2013
2013-04-06,4,Apr,201304,Apr-13,Q2,2013
2013-04-07,4,Apr,201304,Apr-13,Q2,2013
2013-04-08,4,Apr,201304,Apr-13,Q2,2013
2013-04-09,4,Apr,201304,Apr-13,Q2,2013
2013-04-10,4,Apr,201304,Apr-13,Q2,2013
2013-04-11,4,Apr,201304,Apr-13,Q2,2013
2013-04-12,4,Apr,201304,Apr-13,Q2,2013
2013-04-13,4,Apr,201304,Apr-13,Q2,2013
2013-04-14,4,Apr,201304,Apr-13,Q2,2013
2013-04-15,4,Apr,201304,Apr-13,Q2,2013
2013-04-16,4,Apr,201304,Apr-13,Q2,2013
2013-04-17,4,Apr,201304,Apr-13,Q2,2013
2013-04-18,4,Apr,201304,Apr-13,Q2,2013
2013-04-19,4,Apr,201304,Apr-13,Q2,2013
2013-04-20,4,Apr,201304,Apr-13,Q2,2013
2013-04-21,4,Apr,201304,Apr-13,Q2,2013
2013-04-22,4,Apr,201304,Apr-13,Q2,2013
2013-04-23,4,Apr,201304,Apr-13,Q2,2013
2013-04-24,4,Apr,201304,Apr-13,Q2,2013
2013-04-25,4,Apr,201304,Apr-13,Q2,2013
2013-04-26,4,Apr,201304,Apr-13,Q2,2013
2013-04-27,4,Apr,201304,Apr-13,Q2,2013
2013-04-28,4,Apr,201304,Apr-13,Q2,2013
2013-04-29,4,Apr,201304,Apr-13,Q2,2013
2013-04-30,4,Apr,201304,Apr-13,Q2,2013
2013-05-01,5,May,201305,May-13,Q2,2013
2013-05-02,5,May,201305,May-13,Q2,2013
2013-05-03,5,May,201305,May-13,Q2,2013
2013-05-04,5,May,201305,May-13,Q2,2013
2013-05-05,5,May,201305,May-13,Q2,2013
2013-05-06,5,May,201305,May-13,Q2,2013
2013-05-07,5,May,201305,May-13,Q2,2013
2013-05-08,5,May,201305,May-13,Q2,2013
2013-05-09,5,May,201305,May-13,Q2,2013
2013-05-10,5,May,201305,May-13,Q2,2013
2013-05-11,5,May,201305,May-13,Q2,2013
2013-05-12,5,May,201305,May-13,Q2,2013
2013-05-13,5,May,201305,May-13,Q2,2013
2013-05-14,5,May,201305,May-13,Q2,2013
2013-05-15,5,May,201305,May-13,Q2,2013
2013-05-16,5,May,201305,May-13,Q2,2013
2013-05-17,5,May,201305,May-13,Q2,2013
2013-05-18,5,May,201305,May-13,Q2,2013
2013-05-19,5,May,201305,May-13,Q2,2013
2013-05-20,5,May,201305,May-13,Q2,2013
2013-05-21,5,May,201305,May-13,Q2,2013
2013-05-22,5,May,201305,May-13,Q2,2013
2013-05-23,5,May,201305,May-13,Q2,2013
2013-05-24,5,May,201305,May-13,Q2,2013
2013-05-25,5,May,201305,May-13,Q2,2013
2013-05-26,5,May,201305,May-13,Q2,2013
2013-05-27,5,May,201305,May-13,Q2,2013
2013-05-28,5,May,201305,May-13,Q2,2013
2013-05-29,5,May,201305,May-13,Q2,2013
2013-05-30,5,May,201305,May-13,Q2,2013
2013-05-31,5,May,201305,May-13,Q2,2013
2013-06-01,6,Jun,201306,Jun-13,Q2,2013
2013-06-02,6,Jun,201306,Jun-13,Q2,2013
2013-06-03,6,Jun,201306,Jun-13,Q2,2013
2013-06-04,6,Jun,201306,Jun-13,Q2,2013
2013-06-05,6,Jun,201306,Jun-13,Q2,2013
2013-06-06,6,Jun,201306,Jun-13,Q2,2013
2013-06-07,6,Jun,201306,Jun-13,Q2,2013
2013-06-08,6,Jun,201306,Jun-13,Q2,2013
2013-06-09,6,Jun,201306,Jun-13,Q2,2013
2013-06-10,6,Jun,201306,Jun-13,Q2,2013
2013-06-11,6,Jun,201306,Jun-13,Q2,2013
2013-06-12,6,Jun,201306,Jun-13,Q2,2013
2013-06-13,6,Jun,201306,Jun-13,Q2,2013
2013-06-14,6,Jun,201306,Jun-13,Q2,2013
2013-06-15,6,Jun,201306,Jun-13,Q2,2013
2013-06-16,6,Jun,201306,Jun-13,Q2,2013
2013-06-17,6,Jun,201306,Jun-13,Q2,2013
2013-06-18,6,Jun,201306,Jun-13,Q2,2013
2013-06-19,6,Jun,201306,Jun-13,Q2,2013
2013-06-20,6,Jun,201306,Jun-13,Q2,2013
2013-06-21,6,Jun,201306,Jun-13,Q2,2013
2013-06-22,6,Jun,201306,Jun-13,Q2,2013
2013-06-23,6,Jun,201306,Jun-13,Q2,2013
2013-06-24,6,Jun,201306,Jun-13,Q2,2013
2013-06-25,6,Jun,201306,Jun-13,Q2,2013
2013-06-26,6,Jun,201306,Jun-13,Q2,2013
2013-06-27,6,Jun,201306,Jun-13,Q2,2013
2013-06-28,6,Jun,201306,Jun-13,Q2,2013
2013-06-29,6,Jun,201306,Jun-13,Q2,2013
2013-06-30,6,Jun,201306,Jun-13,Q2,2013
2013-07-01,7,Jul,201307,Jul-13,Q3,2013
2013-07-02,7,Jul,201307,Jul-13,Q3,2013
2013-07-03,7,Jul,201307,Jul-13,Q3,2013
2013-07-04,7,Jul,201307,Jul-13,Q3,2013
2013-07-05,7,Jul,201307,Jul-13,Q3,2013
2013-07-06,7,Jul,201307,Jul-13,Q3,2013
2013-07-07,7,Jul,201307,Jul-13,Q3,2013
2013-07-08,7,Jul,201307,Jul-13,Q3,2013
2013-07-09,7,Jul,201307,Jul-13,Q3,2013
2013-07-10,7,Jul,201307,Jul-13,Q3,2013
2013-07-11,7,Jul,201307,Jul-13,Q3,2013
2013-07-12,7,Jul,201307,Jul-13,Q3,2013
2013-07-13,7,Jul,201307,Jul-13,Q3,2013
2013-07-14,7,Jul,201307,Jul-13,Q3,2013
2013-07-15,7,Jul,201307,Jul-13,Q3,2013
2013-07-16,7,Jul,201307,Jul-13,Q3,2013
2013-07-17,7,Jul,201307,Jul-13,Q3,2013
2013-07-18,7,Jul,201307,Jul-13,Q3,2013
2013-07-19,7,Jul,201307,Jul-13,Q3,2013
2013-07-20,7,Jul,201307,Jul-13,Q3,2013
2013-07-21,7,Jul,201307,Jul-13,Q3,2013
2013-07-22,7,Jul,201307,Jul-13,Q3,2013
2013-07-23,7,Jul,201307,Jul-13,Q3,2013
2013-07-24,7,Jul,201307,Jul-13,Q3,2013
2013-07-25,7,Jul,201307,Jul-13,Q3,2013
2013-07-26,7,Jul,201307,Jul-13,Q3,2013
2013-07-27,7,Jul,201307,Jul-13,Q3,2013
2013-07-28,7,Jul,201307,Jul-13,Q3,2013
2013-07-29,7,Jul,201307,Jul-13,Q3,2013
2013-07-30,7,Jul,201307,Jul-13,Q3,2013
2013-07-31,7,Jul,201307,Jul-13,Q3,2013
2013-08-01,8,Aug,201308,Aug-13,Q3,2013
2013-08-02,8,Aug,201308,Aug-13,Q3,2013
2013-08-03,8,Aug,201308,Aug-13,Q3,2013
2013-08-04,8,Aug,201308,Aug-13,Q3,2013
2013-08-05,8,Aug,201308,Aug-13,Q3,2013
2013-08-06,8,Aug,201308,Aug-13,Q3,2013
2013-08-07,8,Aug,201308,Aug-13,Q3,2013
2013-08-08,8,Aug,201308,Aug-13,Q3,2013
2013-08-09,8,Aug,201308,Aug-13,Q3,2013
2013-08-10,8,Aug,201308,Aug-13,Q3,2013
2013-08-11,8,Aug,201308,Aug-13,Q3,2013
2013-08-12,8,Aug,201308,Aug-13,Q3,2013
2013-08-13,8,Aug,201308,Aug-13,Q3,2013
2013-08-14,8,Aug,201308,Aug-13,Q3,2013
2013-08-15,8,Aug,201308,Aug-13,Q3,2013
2013-08-16,8,Aug,201308,Aug-13,Q3,2013
2013-08-17,8,Aug,201308,Aug-13,Q3,2013
2013-08-18,8,Aug,201308,Aug-13,Q3,2013
2013-08-19,8,Aug,201308,Aug-13,Q3,2013
2013-08-20,8,Aug,201308,Aug-13,Q3,2013
2013-08-21,8,Aug,201308,Aug-13,Q3,2013
2013-08-22,8,Aug,201308,Aug-13,Q3,2013
2013-08-23,8,Aug,201308,Aug-13,Q3,2013
2013-08-24,8,Aug,201308,Aug-13,Q3,2013
2013-08-25,8,Aug,201308,Aug-13,Q3,2013
2013-08-26,8,Aug,201308,Aug-13,Q3,2013
2013-08-27,8,Aug,201308,Aug-13,Q3,2013
2013-08-28,8,Aug,201308,Aug-13,Q3,2013
2013-08-29,8,Aug,201308,Aug-13,Q3,2013
2013-08-30,8,Aug,201308,Aug-13,Q3,2013
2013-08-31,8,Aug,201308,Aug-13,Q3,2013
2013-09-01,9,Sep,201309,Sep-13,Q3,2013
2013-09-02,9,Sep,201309,Sep-13,Q3,2013
2013-09-03,9,Sep,201309,Sep-13,Q3,2013
2013-09-04,9,Sep,201309,Sep-13,Q3,2013
2013-09-05,9,Sep,201309,Sep-13,Q3,2013
2013-09-06,9,Sep,201309,Sep-13,Q3,2013
2013-09-07,9,Sep,201309,Sep-13,Q3,2013
2013-09-08,9,Sep,201309,Sep-13,Q3,2013
2013-09-09,9,Sep,201309,Sep-13,Q3,2013
2013-09-10,9,Sep,201309,Sep-13,Q3,2013
2013-09-11,9,Sep,201309,Sep-13,Q3,2013
2013-09-12,9,Sep,201309,Sep-13,Q3,2013
2013-09-13,9,Sep,201309,Sep-13,Q3,2013
2013-09-14,9,Sep,201309,Sep-13,Q3,2013
2013-09-15,9,Sep,201309,Sep-13,Q3,2013
2013-09-16,9,Sep,201309,Sep-13,Q3,2013
2013-09-17,9,Sep,201309,Sep-13,Q3,2013
2013-09-18,9,Sep,201309,Sep-13,Q3,2013
2013-09-19,9,Sep,201309,Sep-13,Q3,2013
2013-09-20,9,Sep,201309,Sep-13,Q3,2013
2013-09-21,9,Sep,201309,Sep-13,Q3,2013
2013-09-22,9,Sep,201309,Sep-13,Q3,2013
2013-09-23,9,Sep,201309,Sep-13,Q3,2013
2013-09-24,9,Sep,201309,Sep-13,Q3,2013
2013-09-25,9,Sep,201309,Sep-13,Q3,2013
2013-09-26,9,Sep,201309,Sep-13,Q3,2013
2013-09-27,9,Sep,201309,Sep-13,Q3,2013
2013-09-28,9,Sep,201309,Sep-13,Q3,2013
2013-09-29,9,Sep,201309,Sep-13,Q3,2013
2013-09-30,9,Sep,201309,Sep-13,Q3,2013
2013-10-01,10,Oct,201310,Oct-13,Q4,2013
2013-10-02,10,Oct,201310,Oct-13,Q4,2013
2013-10-03,10,Oct,201310,Oct-13,Q4,2013
2013-10-04,10,Oct,201310,Oct-13,Q4,2013
2013-10-05,10,Oct,201310,Oct-13,Q4,2013
2013-10-06,10,Oct,201310,Oct-13,Q4,2013
2013-10-07,10,Oct,201310,Oct-13,Q4,2013
2013-10-08,10,Oct,201310,Oct-13,Q4,2013
2013-10-09,10,Oct,201310,Oct-13,Q4,2013
2013-10-10,10,Oct,201310,Oct-13,Q4,2013
2013-10-11,10,Oct,201310,Oct-13,Q4,2013
2013-10-12,10,Oct,201310,Oct-13,Q4,2013
2013-10-13,10,Oct,201310,Oct-13,Q4,2013
2013-10-14,10,Oct,201310,Oct-13,Q4,2013
2013-10-15,10,Oct,201310,Oct-13,Q4,2013
2013-10-16,10,Oct,201310,Oct-13,Q4,2013
2013-10-17,10,Oct,201310,Oct-13,Q4,2013
2013-10-18,10,Oct,201310,Oct-13,Q4,2013
2013-10-19,10,Oct,201310,Oct-13,Q4,2013
2013-10-20,10,Oct,201310,Oct-13,Q4,2013
2013-10-21,10,Oct,201310,Oct-13,Q4,2013
2013-10-22,10,Oct,201310,Oct-13,Q4,2013
2013-10-23,10,Oct,201310,Oct-13,Q4,2013
2013-10-24,10,Oct,201310,Oct-13,Q4,2013
2013-10-25,10,Oct,201310,Oct-13,Q4,2013
2013-10-26,10,Oct,201310,Oct-13,Q4,2013
2013-10-27,10,Oct,201310,Oct-13,Q4,2013
2013-10-28,10,Oct,201310,Oct-13,Q4,2013
2013-10-29,10,Oct,201310,Oct-13,Q4,2013
2013-10-30,10,Oct,201310,Oct-13,Q4,2013
2013-10-31,10,Oct,201310,Oct-13,Q4,2013
2013-11-01,11,Nov,201311,Nov-13,Q4,2013
2013-11-02,11,Nov,201311,Nov-13,Q4,2013
2013-11-03,11,Nov,201311,Nov-13,Q4,2013
2013-11-04,11,Nov,201311,Nov-13,Q4,2013
2013-11-05,11,Nov,201311,Nov-13,Q4,2013
2013-11-06,11,Nov,201311,Nov-13,Q4,2013
2013-11-07,11,Nov,201311,Nov-13,Q4,2013
2013-11-08,11,Nov,201311,Nov-13,Q4,2013
2013-11-09,11,Nov,201311,Nov-13,Q4,2013
2013-11-10,11,Nov,201311,Nov-13,Q4,2013
2013-11-11,11,Nov,201311,Nov-13,Q4,2013
2013-11-12,11,Nov,201311,Nov-13,Q4,2013
2013-11-13,11,Nov,201311,Nov-13,Q4,2013
2013-11-14,11,Nov,201311,Nov-13,Q4,2013
2013-11-15,11,Nov,201311,Nov-13,Q4,2013
2013-11-16,11,Nov,201311,Nov-13,Q4,2013
2013-11-17,11,Nov,201311,Nov-13,Q4,2013
2013-11-18,11,Nov,201311,Nov-13,Q4,2013
2013-11-19,11,Nov,201311,Nov-13,Q4,2013
2013-11-20,11,Nov,201311,Nov-13,Q4,2013
2013-11-21,11,Nov,201311,Nov-13,Q4,2013
2013-11-22,11,Nov,201311,Nov-13,Q4,2013
2013-11-23,11,Nov,201311,Nov-13,Q4,2013
2013-11-24,11,Nov,201311,Nov-13,Q4,2013
2013-11-25,11,Nov,201311,Nov-13,Q4,2013
2013-11-26,11,Nov,201311,Nov-13,Q4,2013
2013-11-27,11,Nov,201311,Nov-13,Q4,2013
2013-11-28,11,Nov,201311,Nov-13,Q4,2013
2013-11-29,11,Nov,201311,Nov-13,Q4,2013
2013-11-30,11,Nov,201311,Nov-13,Q4,2013
2013-12-01,12,Dec,201312,Dec-13,Q4,2013
2013-12-02,12,Dec,201312,Dec-13,Q4,2013
2013-12-03,12,Dec,201312,Dec-13,Q4,2013
2013-12-04,12,Dec,201312,Dec-13,Q4,2013
2013-12-05,12,Dec,201312,Dec-13,Q4,2013
2013-12-06,12,Dec,201312,Dec-13,Q4,2013
2013-12-07,12,Dec,201312,Dec-13,Q4,2013
2013-12-08,12,Dec,201312,Dec-13,Q4,2013
2013-12-09,12,Dec,201312,Dec-13,Q4,2013
2013-12-10,12,Dec,201312,Dec-13,Q4,2013
2013-12-11,12,Dec,201312,Dec-13,Q4,2013
2013-12-12,12,Dec,201312,Dec-13,Q4,2013
2013-12-13,12,Dec,201312,Dec-13,Q4,2013
2013-12-14,12,Dec,201312,Dec-13,Q4,2013
2013-12-15,12,Dec,201312,Dec-13,Q4,2013
2013-12-16,12,Dec,201312,Dec-13,Q4,2013
2013-12-17,12,Dec,201312,Dec-13,Q4,2013
2013-12-18,12,Dec,201312,Dec-13,Q4,2013
2013-12-19,12,Dec,201312,Dec-13,Q4,2013
2013-12-20,12,Dec,201312,Dec-13,Q4,2013
2013-12-21,12,Dec,201312,Dec-13,Q4,2013
2013-12-22,12,Dec,201312,Dec-13,Q4,2013
2013-12-23,12,Dec,201312,Dec-13,Q4,2013
2013-12-24,12,Dec,201312,Dec-13,Q4,2013
2013-12-25,12,Dec,201312,Dec-13,Q4,2013
2013-12-26,12,Dec,201312,Dec-13,Q4,2013
2013-12-27,12,Dec,201312,Dec-13,Q4,2013
2013-12-28,12,Dec,201312,Dec-13,Q4,2013
2013-12-29,12,Dec,201312,Dec-13,Q4,2013
2013-12-30,12,Dec,201312,Dec-13,Q4,2013
2013-12-31,12,Dec,201312,Dec-13,Q4,2013
2014-01-01,1,Jan,201401,Jan-14,Q1,2014
2014-01-02,1,Jan,201401,Jan-14,Q1,2014
2014-01-03,1,Jan,201401,Jan-14,Q1,2014
2014-01-04,1,Jan,201401,Jan-14,Q1,2014
2014-01-05,1,Jan,201401,Jan-14,Q1,2014
2014-01-06,1,Jan,201401,Jan-14,Q1,2014
2014-01-07,1,Jan,201401,Jan-14,Q1,2014
2014-01-08,1,Jan,201401,Jan-14,Q1,2014
2014-01-09,1,Jan,201401,Jan-14,Q1,2014
2014-01-10,1,Jan,201401,Jan-14,Q1,2014
2014-01-11,1,Jan,201401,Jan-14,Q1,2014
2014-01-12,1,Jan,201401,Jan-14,Q1,2014
2014-01-13,1,Jan,201401,Jan-14,Q1,2014
2014-01-14,1,Jan,201401,Jan-14,Q1,2014
2014-01-15,1,Jan,201401,Jan-14,Q1,2014
2014-01-16,1,Jan,201401,Jan-14,Q1,2014
2014-01-17,1,Jan,201401,Jan-14,Q1,2014
2014-01-18,1,Jan,201401,Jan-14,Q1,2014
2014-01-19,1,Jan,201401,Jan-14,Q1,2014
2014-01-20,1,Jan,201401,Jan-14,Q1,2014
2014-01-21,1,Jan,201401,Jan-14,Q1,2014
2014-01-22,1,Jan,201401,Jan-14,Q1,2014
2014-01-23,1,Jan,201401,Jan-14,Q1,2014
2014-01-24,1,Jan,201401,Jan-14,Q1,2014
2014-01-25,1,Jan,201401,Jan-14,Q1,2014
2014-01-26,1,Jan,201401,Jan-14,Q1,2014
2014-01-27,1,Jan,201401,Jan-14,Q1,2014
2014-01-28,1,Jan,201401,Jan-14,Q1,2014
2014-01-29,1,Jan,201401,Jan-14,Q1,2014
2014-01-30,1,Jan,201401,Jan-14,Q1,2014
2014-01-31,1,Jan,201401,Jan-14,Q1,2014
2014-02-01,2,Feb,201402,Feb-14,Q1,2014
2014-02-02,2,Feb,201402,Feb-14,Q1,2014
2014-02-03,2,Feb,201402,Feb-14,Q1,2014
2014-02-04,2,Feb,201402,Feb-14,Q1,2014
2014-02-05,2,Feb,201402,Feb-14,Q1,2014
2014-02-06,2,Feb,201402,Feb-14,Q1,2014
2014-02-07,2,Feb,201402,Feb-14,Q1,2014
2014-02-08,2,Feb,201402,Feb-14,Q1,2014
2014-02-09,2,Feb,201402,Feb-14,Q1,2014
2014-02-10,2,Feb,201402,Feb-14,Q1,2014
2014-02-11,2,Feb,201402,Feb-14,Q1,2014
2014-02-12,2,Feb,201402,Feb-14,Q1,2014
2014-02-13,2,Feb,201402,Feb-14,Q1,2014
2014-02-14,2,Feb,201402,Feb-14,Q1,2014
2014-02-15,2,Feb,201402,Feb-14,Q1,2014
2014-02-16,2,Feb,201402,Feb-14,Q1,2014
2014-02-17,2,Feb,201402,Feb-14,Q1,2014
2014-02-18,2,Feb,201402,Feb-14,Q1,2014
2014-02-19,2,Feb,201402,Feb-14,Q1,2014
2014-02-20,2,Feb,201402,Feb-14,Q1,2014
2014-02-21,2,Feb,201402,Feb-14,Q1,2014
2014-02-22,2,Feb,201402,Feb-14,Q1,2014
2014-02-23,2,Feb,201402,Feb-14,Q1,2014
2014-02-24,2,Feb,201402,Feb-14,Q1,2014
2014-02-25,2,Feb,201402,Feb-14,Q1,2014
2014-02-26,2,Feb,201402,Feb-14,Q1,2014
2014-02-27,2,Feb,201402,Feb-14,Q1,2014
2014-02-28,2,Feb,201402,Feb-14,Q1,2014
2014-03-01,3,Mar,201403,Mar-14,Q1,2014
2014-03-02,3,Mar,201403,Mar-14,Q1,2014
2014-03-03,3,Mar,201403,Mar-14,Q1,2014
2014-03-04,3,Mar,201403,Mar-14,Q1,2014
2014-03-05,3,Mar,201403,Mar-14,Q1,2014
2014-03-06,3,Mar,201403,Mar-14,Q1,2014
2014-03-07,3,Mar,201403,Mar-14,Q1,2014
2014-03-08,3,Mar,201403,Mar-14,Q1,2014
2014-03-09,3,Mar,201403,Mar-14,Q1,2014
2014-03-10,3,Mar,201403,Mar-14,Q1,2014
2014-03-11,3,Mar,201403,Mar-14,Q1,2014
2014-03-12,3,Mar,201403,Mar-14,Q1,2014
2014-03-13,3,Mar,201403,Mar-14,Q1,2014
2014-03-14,3,Mar,201403,Mar-14,Q1,2014
2014-03-15,3,Mar,201403,Mar-14,Q1,2014
2014-03-16,3,Mar,201403,Mar-14,Q1,2014
2014-03-17,3,Mar,201403,Mar-14,Q1,2014
2014-03-18,3,Mar,201403,Mar-14,Q1,2014
2014-03-19,3,Mar,201403,Mar-14,Q1,2014
2014-03-20,3,Mar,201403,Mar-14,Q1,2014
2014-03-21,3,Mar,201403,Mar-14,Q1,2014
2014-03-22,3,Mar,201403,Mar-14,Q1,2014
2014-03-23,3,Mar,201403,Mar-14,Q1,2014
2014-03-24,3,Mar,201403,Mar-14,Q1,2014
2014-03-25,3,Mar,201403,Mar-14,Q1,2014
2014-03-26,3,Mar,201403,Mar-14,Q1,2014
2014-03-27,3,Mar,201403,Mar-14,Q1,2014
2014-03-28,3,Mar,201403,Mar-14,Q1,2014
2014-03-29,3,Mar,201403,Mar-14,Q1,2014
2014-03-30,3,Mar,201403,Mar-14,Q1,2014
2014-03-31,3,Mar,201403,Mar-14,Q1,2014
2014-04-01,4,Apr,201404,Apr-14,Q2,2014
2014-04-02,4,Apr,201404,Apr-14,Q2,2014
2014-04-03,4,Apr,201404,Apr-14,Q2,2014
2014-04-04,4,Apr,201404,Apr-14,Q2,2014
2014-04-05,4,Apr,201404,Apr-14,Q2,2014
2014-04-06,4,Apr,201404,Apr-14,Q2,2014
2014-04-07,4,Apr,201404,Apr-14,Q2,2014
2014-04-08,4,Apr,201404,Apr-14,Q2,2014
2014-04-09,4,Apr,201404,Apr-14,Q2,2014
2014-04-10,4,Apr,201404,Apr-14,Q2,2014
2014-04-11,4,Apr,201404,Apr-14,Q2,2014
2014-04-12,4,Apr,201404,Apr-14,Q2,2014
2014-04-13,4,Apr,201404,Apr-14,Q2,2014
2014-04-14,4,Apr,201404,Apr-14,Q2,2014
2014-04-15,4,Apr,201404,Apr-14,Q2,2014
2014-04-16,4,Apr,201404,Apr-14,Q2,2014
2014-04-17,4,Apr,201404,Apr-14,Q2,2014
2014-04-18,4,Apr,201404,Apr-14,Q2,2014
2014-04-19,4,Apr,201404,Apr-14,Q2,2014
2014-04-20,4,Apr,201404,Apr-14,Q2,2014
2014-04-21,4,Apr,201404,Apr-14,Q2,2014
2014-04-22,4,Apr,201404,Apr-14,Q2,2014
2014-04-23,4,Apr,201404,Apr-14,Q2,2014
2014-04-24,4,Apr,201404,Apr-14,Q2,2014
2014-04-25,4,Apr,201404,Apr-14,Q2,2014
2014-04-26,4,Apr,201404,Apr-14,Q2,2014
2014-04-27,4,Apr,201404,Apr-14,Q2,2014
2014-04-28,4,Apr,201404,Apr-14,Q2,2014
2014-04-29,4,Apr,201404,Apr-14,Q2,2014
2014-04-30,4,Apr,201404,Apr-14,Q2,2014
2014-05-01,5,May,201405,May-14,Q2,2014
2014-05-02,5,May,201405,May-14,Q2,2014
2014-05-03,5,May,201405,May-14,Q2,2014
2014-05-04,5,May,201405,May-14,Q2,2014
2014-05-05,5,May,201405,May-14,Q2,2014
2014-05-06,5,May,201405,May-14,Q2,2014
2014-05-07,5,May,201405,May-14,Q2,2014
2014-05-08,5,May,201405,May-14,Q2,2014
2014-05-09,5,May,201405,May-14,Q2,2014
2014-05-10,5,May,201405,May-14,Q2,2014
2014-05-11,5,May,201405,May-14,Q2,2014
2014-05-12,5,May,201405,May-14,Q2,2014
2014-05-13,5,May,201405,May-14,Q2,2014
2014-05-14,5,May,201405,May-14,Q2,2014
2014-05-15,5,May,201405,May-14,Q2,2014
2014-05-16,5,May,201405,May-14,Q2,2014
2014-05-17,5,May,201405,May-14,Q2,2014
2014-05-18,5,May,201405,May-14,Q2,2014
2014-05-19,5,May,201405,May-14,Q2,2014
2014-05-20,5,May,201405,May-14,Q2,2014
2014-05-21,5,May,201405,May-14,Q2,2014
2014-05-22,5,May,201405,May-14,Q2,2014
2014-05-23,5,May,201405,May-14,Q2,2014
2014-05-24,5,May,201405,May-14,Q2,2014
2014-05-25,5,May,201405,May-14,Q2,2014
2014-05-26,5,May,201405,May-14,Q2,2014
2014-05-27,5,May,201405,May-14,Q2,2014
2014-05-28,5,May,201405,May-14,Q2,2014
2014-05-29,5,May,201405,May-14,Q2,2014
2014-05-30,5,May,201405,May-14,Q2,2014
2014-05-31,5,May,201405,May-14,Q2,2014
2014-06-01,6,Jun,201406,Jun-14,Q2,2014
2014-06-02,6,Jun,201406,Jun-14,Q2,2014
2014-06-03,6,Jun,201406,Jun-14,Q2,2014
2014-06-04,6,Jun,201406,Jun-14,Q2,2014
2014-06-05,6,Jun,201406,Jun-14,Q2,2014
2014-06-06,6,Jun,201406,Jun-14,Q2,2014
2014-06-07,6,Jun,201406,Jun-14,Q2,2014
2014-06-08,6,Jun,201406,Jun-14,Q2,2014
2014-06-09,6,Jun,201406,Jun-14,Q2,2014
2014-06-10,6,Jun,201406,Jun-14,Q2,2014
2014-06-11,6,Jun,201406,Jun-14,Q2,2014
2014-06-12,6,Jun,201406,Jun-14,Q2,2014
2014-06-13,6,Jun,201406,Jun-14,Q2,2014
2014-06-14,6,Jun,201406,Jun-14,Q2,2014
2014-06-15,6,Jun,201406,Jun-14,Q2,2014
2014-06-16,6,Jun,201406,Jun-14,Q2,2014
2014-06-17,6,Jun,201406,Jun-14,Q2,2014
2014-06-18,6,Jun,201406,Jun-14,Q2,2014
2014-06-19,6,Jun,201406,Jun-14,Q2,2014
2014-06-20,6,Jun,201406,Jun-14,Q2,2014
2014-06-21,6,Jun,201406,Jun-14,Q2,2014
2014-06-22,6,Jun,201406,Jun-14,Q2,2014
2014-06-23,6,Jun,201406,Jun-14,Q2,2014
2014-06-24,6,Jun,201406,Jun-14,Q2,2014
2014-06-25,6,Jun,201406,Jun-14,Q2,2014
2014-06-26,6,Jun,201406,Jun-14,Q2,2014
2014-06-27,6,Jun,201406,Jun-14,Q2,2014
2014-06-28,6,Jun,201406,Jun-14,Q2,2014
2014-06-29,6,Jun,201406,Jun-14,Q2,2014
2014-06-30,6,Jun,201406,Jun-14,Q2,2014
2014-07-01,7,Jul,201407,Jul-14,Q3,2014
2014-07-02,7,Jul,201407,Jul-14,Q3,2014
2014-07-03,7,Jul,201407,Jul-14,Q3,2014
2014-07-04,7,Jul,201407,Jul-14,Q3,2014
2014-07-05,7,Jul,201407,Jul-14,Q3,2014
2014-07-06,7,Jul,201407,Jul-14,Q3,2014
2014-07-07,7,Jul,201407,Jul-14,Q3,2014
2014-07-08,7,Jul,201407,Jul-14,Q3,2014
2014-07-09,7,Jul,201407,Jul-14,Q3,2014
2014-07-10,7,Jul,201407,Jul-14,Q3,2014
2014-07-11,7,Jul,201407,Jul-14,Q3,2014
2014-07-12,7,Jul,201407,Jul-14,Q3,2014
2014-07-13,7,Jul,201407,Jul-14,Q3,2014
2014-07-14,7,Jul,201407,Jul-14,Q3,2014
2014-07-15,7,Jul,201407,Jul-14,Q3,2014
2014-07-16,7,Jul,201407,Jul-14,Q3,2014
2014-07-17,7,Jul,201407,Jul-14,Q3,2014
2014-07-18,7,Jul,201407,Jul-14,Q3,2014
2014-07-19,7,Jul,201407,Jul-14,Q3,2014
2014-07-20,7,Jul,201407,Jul-14,Q3,2014
2014-07-21,7,Jul,201407,Jul-14,Q3,2014
2014-07-22,7,Jul,201407,Jul-14,Q3,2014
2014-07-23,7,Jul,201407,Jul-14,Q3,2014
2014-07-24,7,Jul,201407,Jul-14,Q3,2014
2014-07-25,7,Jul,201407,Jul-14,Q3,2014
2014-07-26,7,Jul,201407,Jul-14,Q3,2014
2014-07-27,7,Jul,201407,Jul-14,Q3,2014
2014-07-28,7,Jul,201407,Jul-14,Q3,2014
2014-07-29,7,Jul,201407,Jul-14,Q3,2014
2014-07-30,7,Jul,201407,Jul-14,Q3,2014
2014-07-31,7,Jul,201407,Jul-14,Q3,2014
2014-08-01,8,Aug,201408,Aug-14,Q3,2014
2014-08-02,8,Aug,201408,Aug-14,Q3,2014
2014-08-03,8,Aug,201408,Aug-14,Q3,2014
2014-08-04,8,Aug,201408,Aug-14,Q3,2014
2014-08-05,8,Aug,201408,Aug-14,Q3,2014
2014-08-06,8,Aug,201408,Aug-14,Q3,2014
2014-08-07,8,Aug,201408,Aug-14,Q3,2014
2014-08-08,8,Aug,201408,Aug-14,Q3,2014
2014-08-09,8,Aug,201408,Aug-14,Q3,2014
2014-08-10,8,Aug,201408,Aug-14,Q3,2014
2014-08-11,8,Aug,201408,Aug-14,Q3,2014
2014-08-12,8,Aug,201408,Aug-14,Q3,2014
2014-08-13,8,Aug,201408,Aug-14,Q3,2014
2014-08-14,8,Aug,201408,Aug-14,Q3,2014
2014-08-15,8,Aug,201408,Aug-14,Q3,2014
2014-08-16,8,Aug,201408,Aug-14,Q3,2014
2014-08-17,8,Aug,201408,Aug-14,Q3,2014
2014-08-18,8,Aug,201408,Aug-14,Q3,2014
2014-08-19,8,Aug,201408,Aug-14,Q3,2014
2014-08-20,8,Aug,201408,Aug-14,Q3,2014
2014-08-21,8,Aug,201408,Aug-14,Q3,2014
2014-08-22,8,Aug,201408,Aug-14,Q3,2014
2014-08-23,8,Aug,201408,Aug-14,Q3,2014
2014-08-24,8,Aug,201408,Aug-14,Q3,2014
2014-08-25,8,Aug,201408,Aug-14,Q3,2014
2014-08-26,8,Aug,201408,Aug-14,Q3,2014
2014-08-27,8,Aug,201408,Aug-14,Q3,2014
2014-08-28,8,Aug,201408,Aug-14,Q3,2014
2014-08-29,8,Aug,201408,Aug-14,Q3,2014
2014-08-30,8,Aug,201408,Aug-14,Q3,2014
2014-08-31,8,Aug,201408,Aug-14,Q3,2014
2014-09-01,9,Sep,201409,Sep-14,Q3,2014
2014-09-02,9,Sep,201409,Sep-14,Q3,2014
2014-09-03,9,Sep,201409,Sep-14,Q3,2014
2014-09-04,9,Sep,201409,Sep-14,Q3,2014
2014-09-05,9,Sep,201409,Sep-14,Q3,2014
2014-09-06,9,Sep,201409,Sep-14,Q3,2014
2014-09-07,9,Sep,201409,Sep-14,Q3,2014
2014-09-08,9,Sep,201409,Sep-14,Q3,2014
2014-09-09,9,Sep,201409,Sep-14,Q3,2014
2014-09-10,9,Sep,201409,Sep-14,Q3,2014
2014-09-11,9,Sep,201409,Sep-14,Q3,2014
2014-09-12,9,Sep,201409,Sep-14,Q3,2014
2014-09-13,9,Sep,201409,Sep-14,Q3,2014
2014-09-14,9,Sep,201409,Sep-14,Q3,2014
2014-09-15,9,Sep,201409,Sep-14,Q3,2014
2014-09-16,9,Sep,201409,Sep-14,Q3,2014
2014-09-17,9,Sep,201409,Sep-14,Q3,2014
2014-09-18,9,Sep,201409,Sep-14,Q3,2014
2014-09-19,9,Sep,201409,Sep-14,Q3,2014
2014-09-20,9,Sep,201409,Sep-14,Q3,2014
2014-09-21,9,Sep,201409,Sep-14,Q3,2014
2014-09-22,9,Sep,201409,Sep-14,Q3,2014
2014-09-23,9,Sep,201409,Sep-14,Q3,2014
2014-09-24,9,Sep,201409,Sep-14,Q3,2014
2014-09-25,9,Sep,201409,Sep-14,Q3,2014
2014-09-26,9,Sep,201409,Sep-14,Q3,2014
2014-09-27,9,Sep,201409,Sep-14,Q3,2014
2014-09-28,9,Sep,201409,Sep-14,Q3,2014
2014-09-29,9,Sep,201409,Sep-14,Q3,2014
2014-09-30,9,Sep,201409,Sep-14,Q3,2014
2014-10-01,10,Oct,201410,Oct-14,Q4,2014
2014-10-02,10,Oct,201410,Oct-14,Q4,2014
2014-10-03,10,Oct,201410,Oct-14,Q4,2014
2014-10-04,10,Oct,201410,Oct-14,Q4,2014
2014-10-05,10,Oct,201410,Oct-14,Q4,2014
2014-10-06,10,Oct,201410,Oct-14,Q4,2014
2014-10-07,10,Oct,201410,Oct-14,Q4,2014
2014-10-08,10,Oct,201410,Oct-14,Q4,2014
2014-10-09,10,Oct,201410,Oct-14,Q4,2014
2014-10-10,10,Oct,201410,Oct-14,Q4,2014
2014-10-11,10,Oct,201410,Oct-14,Q4,2014
2014-10-12,10,Oct,201410,Oct-14,Q4,2014
2014-10-13,10,Oct,201410,Oct-14,Q4,2014
2014-10-14,10,Oct,201410,Oct-14,Q4,2014
2014-10-15,10,Oct,201410,Oct-14,Q4,2014
2014-10-16,10,Oct,201410,Oct-14,Q4,2014
2014-10-17,10,Oct,201410,Oct-14,Q4,2014
2014-10-18,10,Oct,201410,Oct-14,Q4,2014
2014-10-19,10,Oct,201410,Oct-14,Q4,2014
2014-10-20,10,Oct,201410,Oct-14,Q4,2014
2014-10-21,10,Oct,201410,Oct-14,Q4,2014
2014-10-22,10,Oct,201410,Oct-14,Q4,2014
2014-10-23,10,Oct,201410,Oct-14,Q4,2014
2014-10-24,10,Oct,201410,Oct-14,Q4,2014
2014-10-25,10,Oct,201410,Oct-14,Q4,2014
2014-10-26,10,Oct,201410,Oct-14,Q4,2014
2014-10-27,10,Oct,201410,Oct-14,Q4,2014
2014-10-28,10,Oct,201410,Oct-14,Q4,2014
2014-10-29,10,Oct,201410,Oct-14,Q4,2014
2014-10-30,10,Oct,201410,Oct-14,Q4,2014
2014-10-31,10,Oct,201410,Oct-14,Q4,2014
2014-11-01,11,Nov,201411,Nov-14,Q4,2014
2014-11-02,11,Nov,201411,Nov-14,Q4,2014
2014-11-03,11,Nov,201411,Nov-14,Q4,2014
2014-11-04,11,Nov,201411,Nov-14,Q4,2014
2014-11-05,11,Nov,201411,Nov-14,Q4,2014
2014-11-06,11,Nov,201411,Nov-14,Q4,2014
2014-11-07,11,Nov,201411,Nov-14,Q4,2014
2014-11-08,11,Nov,201411,Nov-14,Q4,2014
2014-11-09,11,Nov,201411,Nov-14,Q4,2014
2014-11-10,11,Nov,201411,Nov-14,Q4,2014
2014-11-11,11,Nov,201411,Nov-14,Q4,2014
2014-11-12,11,Nov,201411,Nov-14,Q4,2014
2014-11-13,11,Nov,201411,Nov-14,Q4,2014
2014-11-14,11,Nov,201411,Nov-14,Q4,2014
2014-11-15,11,Nov,201411,Nov-14,Q4,2014
2014-11-16,11,Nov,201411,Nov-14,Q4,2014
2014-11-17,11,Nov,201411,Nov-14,Q4,2014
2014-11-18,11,Nov,201411,Nov-14,Q4,2014
2014-11-19,11,Nov,201411,Nov-14,Q4,2014
2014-11-20,11,Nov,201411,Nov-14,Q4,2014
2014-11-21,11,Nov,201411,Nov-14,Q4,2014
2014-11-22,11,Nov,201411,Nov-14,Q4,2014
2014-11-23,11,Nov,201411,Nov-14,Q4,2014
2014-11-24,11,Nov,201411,Nov-14,Q4,2014
2014-11-25,11,Nov,201411,Nov-14,Q4,2014
2014-11-26,11,Nov,201411,Nov-14,Q4,2014
2014-11-27,11,Nov,201411,Nov-14,Q4,2014
2014-11-28,11,Nov,201411,Nov-14,Q4,2014
2014-11-29,11,Nov,201411,Nov-14,Q4,2014
2014-11-30,11,Nov,201411,Nov-14,Q4,2014
2014-12-01,12,Dec,201412,Dec-14,Q4,2014
2014-12-02,12,Dec,201412,Dec-14,Q4,2014
2014-12-03,12,Dec,201412,Dec-14,Q4,2014
2014-12-04,12,Dec,201412,Dec-14,Q4,2014
2014-12-05,12,Dec,201412,Dec-14,Q4,2014
2014-12-06,12,Dec,201412,Dec-14,Q4,2014
2014-12-07,12,Dec,201412,Dec-14,Q4,2014
2014-12-08,12,Dec,201412,Dec-14,Q4,2014
2014-12-09,12,Dec,201412,Dec-14,Q4,2014
2014-12-10,12,Dec,201412,Dec-14,Q4,2014
2014-12-11,12,Dec,201412,Dec-14,Q4,2014
2014-12-12,12,Dec,201412,Dec-14,Q4,2014
2014-12-13,12,Dec,201412,Dec-14,Q4,2014
2014-12-14,12,Dec,201412,Dec-14,Q4,2014
2014-12-15,12,Dec,201412,Dec-14,Q4,2014
2014-12-16,12,Dec,201412,Dec-14,Q4,2014
2014-12-17,12,Dec,201412,Dec-14,Q4,2014
2014-12-18,12,Dec,201412,Dec-14,Q4,2014
2014-12-19,12,Dec,201412,Dec-14,Q4,2014
2014-12-20,12,Dec,201412,Dec-14,Q4,2014
2014-12-21,12,Dec,201412,Dec-14,Q4,2014
2014-12-22,12,Dec,201412,Dec-14,Q4,2014
2014-12-23,12,Dec,201412,Dec-14,Q4,2014
2014-12-24,12,Dec,201412,Dec-14,Q4,2014
2014-12-25,12,Dec,201412,Dec-14,Q4,2014
2014-12-26,12,Dec,201412,Dec-14,Q4,2014
2014-12-27,12,Dec,201412,Dec-14,Q4,2014
2014-12-28,12,Dec,201412,Dec-14,Q4,2014
2014-12-29,12,Dec,201412,Dec-14,Q4,2014
2014-12-30,12,Dec,201412,Dec-14,Q4,2014
2014-12-31,12,Dec,201412,Dec-14,Q4,2014
2015-01-01,1,Jan,201501,Jan-15,Q1,2015
2015-01-02,1,Jan,201501,Jan-15,Q1,2015
2015-01-03,1,Jan,201501,Jan-15,Q1,2015
2015-01-04,1,Jan,201501,Jan-15,Q1,2015
2015-01-05,1,Jan,201501,Jan-15,Q1,2015
2015-01-06,1,Jan,201501,Jan-15,Q1,2015
2015-01-07,1,Jan,201501,Jan-15,Q1,2015
2015-01-08,1,Jan,201501,Jan-15,Q1,2015
2015-01-09,1,Jan,201501,Jan-15,Q1,2015
2015-01-10,1,Jan,201501,Jan-15,Q1,2015
2015-01-11,1,Jan,201501,Jan-15,Q1,2015
2015-01-12,1,Jan,201501,Jan-15,Q1,2015
2015-01-13,1,Jan,201501,Jan-15,Q1,2015
2015-01-14,1,Jan,201501,Jan-15,Q1,2015
2015-01-15,1,Jan,201501,Jan-15,Q1,2015
2015-01-16,1,Jan,201501,Jan-15,Q1,2015
2015-01-17,1,Jan,201501,Jan-15,Q1,2015
2015-01-18,1,Jan,201501,Jan-15,Q1,2015
2015-01-19,1,Jan,201501,Jan-15,Q1,2015
2015-01-20,1,Jan,201501,Jan-15,Q1,2015
2015-01-21,1,Jan,201501,Jan-15,Q1,2015
2015-01-22,1,Jan,201501,Jan-15,Q1,2015
2015-01-23,1,Jan,201501,Jan-15,Q1,2015
2015-01-24,1,Jan,201501,Jan-15,Q1,2015
2015-01-25,1,Jan,201501,Jan-15,Q1,2015
2015-01-26,1,Jan,201501,Jan-15,Q1,2015
2015-01-27,1,Jan,201501,Jan-15,Q1,2015
2015-01-28,1,Jan,201501,Jan-15,Q1,2015
2015-01-29,1,Jan,201501,Jan-15,Q1,2015
2015-01-30,1,Jan,201501,Jan-15,Q1,2015
2015-01-31,1,Jan,201501,Jan-15,Q1,2015
2015-02-01,2,Feb,201502,Feb-15,Q1,2015
2015-02-02,2,Feb,201502,Feb-15,Q1,2015
2015-02-03,2,Feb,201502,Feb-15,Q1,2015
2015-02-04,2,Feb,201502,Feb-15,Q1,2015
2015-02-05,2,Feb,201502,Feb-15,Q1,2015
2015-02-06,2,Feb,201502,Feb-15,Q1,2015
2015-02-07,2,Feb,201502,Feb-15,Q1,2015
2015-02-08,2,Feb,201502,Feb-15,Q1,2015
2015-02-09,2,Feb,201502,Feb-15,Q1,2015
2015-02-10,2,Feb,201502,Feb-15,Q1,2015
2015-02-11,2,Feb,201502,Feb-15,Q1,2015
2015-02-12,2,Feb,201502,Feb-15,Q1,2015
2015-02-13,2,Feb,201502,Feb-15,Q1,2015
2015-02-14,2,Feb,201502,Feb-15,Q1,2015
2015-02-15,2,Feb,201502,Feb-15,Q1,2015
2015-02-16,2,Feb,201502,Feb-15,Q1,2015
2015-02-17,2,Feb,201502,Feb-15,Q1,2015
2015-02-18,2,Feb,201502,Feb-15,Q1,2015
2015-02-19,2,Feb,201502,Feb-15,Q1,2015
2015-02-20,2,Feb,201502,Feb-15,Q1,2015
2015-02-21,2,Feb,201502,Feb-15,Q1,2015
2015-02-22,2,Feb,201502,Feb-15,Q1,2015
2015-02-23,2,Feb,201502,Feb-15,Q1,2015
2015-02-24,2,Feb,201502,Feb-15,Q1,2015
2015-02-25,2,Feb,201502,Feb-15,Q1,2015
2015-02-26,2,Feb,201502,Feb-15,Q1,2015
2015-02-27,2,Feb,201502,Feb-15,Q1,2015
2015-02-28,2,Feb,201502,Feb-15,Q1,2015
2015-03-01,3,Mar,201503,Mar-15,Q1,2015
2015-03-02,3,Mar,201503,Mar-15,Q1,2015
2015-03-03,3,Mar,201503,Mar-15,Q1,2015
2015-03-04,3,Mar,201503,Mar-15,Q1,2015
2015-03-05,3,Mar,201503,Mar-15,Q1,2015
2015-03-06,3,Mar,201503,Mar-15,Q1,2015
2015-03-07,3,Mar,201503,Mar-15,Q1,2015
2015-03-08,3,Mar,201503,Mar-15,Q1,2015
2015-03-09,3,Mar,201503,Mar-15,Q1,2015
2015-03-10,3,Mar,201503,Mar-15,Q1,2015
2015-03-11,3,Mar,201503,Mar-15,Q1,2015
2015-03-12,3,Mar,201503,Mar-15,Q1,2015
2015-03-13,3,Mar,201503,Mar-15,Q1,2015
2015-03-14,3,Mar,201503,Mar-15,Q1,2015
2015-03-15,3,Mar,201503,Mar-15,Q1,2015
2015-03-16,3,Mar,201503,Mar-15,Q1,2015
2015-03-17,3,Mar,201503,Mar-15,Q1,2015
2015-03-18,3,Mar,201503,Mar-15,Q1,2015
2015-03-19,3,Mar,201503,Mar-15,Q1,2015
2015-03-20,3,Mar,201503,Mar-15,Q1,2015
2015-03-21,3,Mar,201503,Mar-15,Q1,2015
2015-03-22,3,Mar,201503,Mar-15,Q1,2015
2015-03-23,3,Mar,201503,Mar-15,Q1,2015
2015-03-24,3,Mar,201503,Mar-15,Q1,2015
2015-03-25,3,Mar,201503,Mar-15,Q1,2015
2015-03-26,3,Mar,201503,Mar-15,Q1,2015
2015-03-27,3,Mar,201503,Mar-15,Q1,2015
2015-03-28,3,Mar,201503,Mar-15,Q1,2015
2015-03-29,3,Mar,201503,Mar-15,Q1,2015
2015-03-30,3,Mar,201503,Mar-15,Q1,2015
2015-03-31,3,Mar,201503,Mar-15,Q1,2015
2015-04-01,4,Apr,201504,Apr-15,Q2,2015
2015-04-02,4,Apr,201504,Apr-15,Q2,2015
2015-04-03,4,Apr,201504,Apr-15,Q2,2015
2015-04-04,4,Apr,201504,Apr-15,Q2,2015
2015-04-05,4,Apr,201504,Apr-15,Q2,2015
2015-04-06,4,Apr,201504,Apr-15,Q2,2015
2015-04-07,4,Apr,201504,Apr-15,Q2,2015
2015-04-08,4,Apr,201504,Apr-15,Q2,2015
2015-04-09,4,Apr,201504,Apr-15,Q2,2015
2015-04-10,4,Apr,201504,Apr-15,Q2,2015
2015-04-11,4,Apr,201504,Apr-15,Q2,2015
2015-04-12,4,Apr,201504,Apr-15,Q2,2015
2015-04-13,4,Apr,201504,Apr-15,Q2,2015
2015-04-14,4,Apr,201504,Apr-15,Q2,2015
2015-04-15,4,Apr,201504,Apr-15,Q2,2015
2015-04-16,4,Apr,201504,Apr-15,Q2,2015
2015-04-17,4,Apr,201504,Apr-15,Q2,2015
2015-04-18,4,Apr,201504,Apr-15,Q2,2015
2015-04-19,4,Apr,201504,Apr-15,Q2,2015
2015-04-20,4,Apr,201504,Apr-15,Q2,2015
2015-04-21,4,Apr,201504,Apr-15,Q2,2015
2015-04-22,4,Apr,201504,Apr-15,Q2,2015
2015-04-23,4,Apr,201504,Apr-15,Q2,2015
2015-04-24,4,Apr,201504,Apr-15,Q2,2015
2015-04-25,4,Apr,201504,Apr-15,Q2,2015
2015-04-26,4,Apr,201504,Apr-15,Q2,2015
2015-04-27,4,Apr,201504,Apr-15,Q2,2015
2015-04-28,4,Apr,201504,Apr-15,Q2,2015
2015-04-29,4,Apr,201504,Apr-15,Q2,2015
2015-04-30,4,Apr,201504,Apr-15,Q2,2015
2015-05-01,5,May,201505,May-15,Q2,2015
2015-05-02,5,May,201505,May-15,Q2,2015
2015-05-03,5,May,201505,May-15,Q2,2015
2015-05-04,5,May,201505,May-15,Q2,2015
2015-05-05,5,May,201505,May-15,Q2,2015
2015-05-06,5,May,201505,May-15,Q2,2015
2015-05-07,5,May,201505,May-15,Q2,2015
2015-05-08,5,May,201505,May-15,Q2,2015
2015-05-09,5,May,201505,May-15,Q2,2015
2015-05-10,5,May,201505,May-15,Q2,2015
2015-05-11,5,May,201505,May-15,Q2,2015
2015-05-12,5,May,201505,May-15,Q2,2015
2015-05-13,5,May,201505,May-15,Q2,2015
2015-05-14,5,May,201505,May-15,Q2,2015
2015-05-15,5,May,201505,May-15,Q2,2015
2015-05-16,5,May,201505,May-15,Q2,2015
2015-05-17,5,May,201505,May-15,Q2,2015
2015-05-18,5,May,201505,May-15,Q2,2015
2015-05-19,5,May,201505,May-15,Q2,2015
2015-05-20,5,May,201505,May-15,Q2,2015
2015-05-21,5,May,201505,May-15,Q2,2015
2015-05-22,5,May,201505,May-15,Q2,2015
2015-05-23,5,May,201505,May-15,Q2,2015
2015-05-24,5,May,201505,May-15,Q2,2015
2015-05-25,5,May,201505,May-15,Q2,2015
2015-05-26,5,May,201505,May-15,Q2,2015
2015-05-27,5,May,201505,May-15,Q2,2015
2015-05-28,5,May,201505,May-15,Q2,2015
2015-05-29,5,May,201505,May-15,Q2,2015
2015-05-30,5,May,201505,May-15,Q2,2015
2015-05-31,5,May,201505,May-15,Q2,2015
2015-06-01,6,Jun,201506,Jun-15,Q2,2015
2015-06-02,6,Jun,201506,Jun-15,Q2,2015
2015-06-03,6,Jun,201506,Jun-15,Q2,2015
2015-06-04,6,Jun,201506,Jun-15,Q2,2015
2015-06-05,6,Jun,201506,Jun-15,Q2,2015
2015-06-06,6,Jun,201506,Jun-15,Q2,2015
2015-06-07,6,Jun,201506,Jun-15,Q2,2015
2015-06-08,6,Jun,201506,Jun-15,Q2,2015
2015-06-09,6,Jun,201506,Jun-15,Q2,2015
2015-06-10,6,Jun,201506,Jun-15,Q2,2015
2015-06-11,6,Jun,201506,Jun-15,Q2,2015
2015-06-12,6,Jun,201506,Jun-15,Q2,2015
2015-06-13,6,Jun,201506,Jun-15,Q2,2015
2015-06-14,6,Jun,201506,Jun-15,Q2,2015
2015-06-15,6,Jun,201506,Jun-15,Q2,2015
2015-06-16,6,Jun,201506,Jun-15,Q2,2015
2015-06-17,6,Jun,201506,Jun-15,Q2,2015
2015-06-18,6,Jun,201506,Jun-15,Q2,2015
2015-06-19,6,Jun,201506,Jun-15,Q2,2015
2015-06-20,6,Jun,201506,Jun-15,Q2,2015
2015-06-21,6,Jun,201506,Jun-15,Q2,2015
2015-06-22,6,Jun,201506,Jun-15,Q2,2015
2015-06-23,6,Jun,201506,Jun-15,Q2,2015
2015-06-24,6,Jun,201506,Jun-15,Q2,2015
2015-06-25,6,Jun,201506,Jun-15,Q2,2015
2015-06-26,6,Jun,201506,Jun-15,Q2,2015
2015-06-27,6,Jun,201506,Jun-15,Q2,2015
2015-06-28,6,Jun,201506,Jun-15,Q2,2015
2015-06-29,6,Jun,201506,Jun-15,Q2,2015
2015-06-30,6,Jun,201506,Jun-15,Q2,2015
2015-07-01,7,Jul,201507,Jul-15,Q3,2015
2015-07-02,7,Jul,201507,Jul-15,Q3,2015
2015-07-03,7,Jul,201507,Jul-15,Q3,2015
2015-07-04,7,Jul,201507,Jul-15,Q3,2015
2015-07-05,7,Jul,201507,Jul-15,Q3,2015
2015-07-06,7,Jul,201507,Jul-15,Q3,2015
2015-07-07,7,Jul,201507,Jul-15,Q3,2015
2015-07-08,7,Jul,201507,Jul-15,Q3,2015
2015-07-09,7,Jul,201507,Jul-15,Q3,2015
2015-07-10,7,Jul,201507,Jul-15,Q3,2015
2015-07-11,7,Jul,201507,Jul-15,Q3,2015
2015-07-12,7,Jul,201507,Jul-15,Q3,2015
2015-07-13,7,Jul,201507,Jul-15,Q3,2015
2015-07-14,7,Jul,201507,Jul-15,Q3,2015
2015-07-15,7,Jul,201507,Jul-15,Q3,2015
2015-07-16,7,Jul,201507,Jul-15,Q3,2015
2015-07-17,7,Jul,201507,Jul-15,Q3,2015
2015-07-18,7,Jul,201507,Jul-15,Q3,2015
2015-07-19,7,Jul,201507,Jul-15,Q3,2015
2015-07-20,7,Jul,201507,Jul-15,Q3,2015
2015-07-21,7,Jul,201507,Jul-15,Q3,2015
2015-07-22,7,Jul,201507,Jul-15,Q3,2015
2015-07-23,7,Jul,201507,Jul-15,Q3,2015
2015-07-24,7,Jul,201507,Jul-15,Q3,2015
2015-07-25,7,Jul,201507,Jul-15,Q3,2015
2015-07-26,7,Jul,201507,Jul-15,Q3,2015
2015-07-27,7,Jul,201507,Jul-15,Q3,2015
2015-07-28,7,Jul,201507,Jul-15,Q3,2015
2015-07-29,7,Jul,201507,Jul-15,Q3,2015
2015-07-30,7,Jul,201507,Jul-15,Q3,2015
2015-07-31,7,Jul,201507,Jul-15,Q3,2015
2015-08-01,8,Aug,201508,Aug-15,Q3,2015
2015-08-02,8,Aug,201508,Aug-15,Q3,2015
2015-08-03,8,Aug,201508,Aug-15,Q3,2015
2015-08-04,8,Aug,201508,Aug-15,Q3,2015
2015-08-05,8,Aug,201508,Aug-15,Q3,2015
2015-08-06,8,Aug,201508,Aug-15,Q3,2015
2015-08-07,8,Aug,201508,Aug-15,Q3,2015
2015-08-08,8,Aug,201508,Aug-15,Q3,2015
2015-08-09,8,Aug,201508,Aug-15,Q3,2015
2015-08-10,8,Aug,201508,Aug-15,Q3,2015
2015-08-11,8,Aug,201508,Aug-15,Q3,2015
2015-08-12,8,Aug,201508,Aug-15,Q3,2015
2015-08-13,8,Aug,201508,Aug-15,Q3,2015
2015-08-14,8,Aug,201508,Aug-15,Q3,2015
2015-08-15,8,Aug,201508,Aug-15,Q3,2015
2015-08-16,8,Aug,201508,Aug-15,Q3,2015
2015-08-17,8,Aug,201508,Aug-15,Q3,2015
2015-08-18,8,Aug,201508,Aug-15,Q3,2015
2015-08-19,8,Aug,201508,Aug-15,Q3,2015
2015-08-20,8,Aug,201508,Aug-15,Q3,2015
2015-08-21,8,Aug,201508,Aug-15,Q3,2015
2015-08-22,8,Aug,201508,Aug-15,Q3,2015
2015-08-23,8,Aug,201508,Aug-15,Q3,2015
2015-08-24,8,Aug,201508,Aug-15,Q3,2015
2015-08-25,8,Aug,201508,Aug-15,Q3,2015
2015-08-26,8,Aug,201508,Aug-15,Q3,2015
2015-08-27,8,Aug,201508,Aug-15,Q3,2015
2015-08-28,8,Aug,201508,Aug-15,Q3,2015
2015-08-29,8,Aug,201508,Aug-15,Q3,2015
2015-08-30,8,Aug,201508,Aug-15,Q3,2015
2015-08-31,8,Aug,201508,Aug-15,Q3,2015
2015-09-01,9,Sep,201509,Sep-15,Q3,2015
2015-09-02,9,Sep,201509,Sep-15,Q3,2015
2015-09-03,9,Sep,201509,Sep-15,Q3,2015
2015-09-04,9,Sep,201509,Sep-15,Q3,2015
2015-09-05,9,Sep,201509,Sep-15,Q3,2015
2015-09-06,9,Sep,201509,Sep-15,Q3,2015
2015-09-07,9,Sep,201509,Sep-15,Q3,2015
2015-09-08,9,Sep,201509,Sep-15,Q3,2015
2015-09-09,9,Sep,201509,Sep-15,Q3,2015
2015-09-10,9,Sep,201509,Sep-15,Q3,2015
2015-09-11,9,Sep,201509,Sep-15,Q3,2015
2015-09-12,9,Sep,201509,Sep-15,Q3,2015
2015-09-13,9,Sep,201509,Sep-15,Q3,2015
2015-09-14,9,Sep,201509,Sep-15,Q3,2015
2015-09-15,9,Sep,201509,Sep-15,Q3,2015
2015-09-16,9,Sep,201509,Sep-15,Q3,2015
2015-09-17,9,Sep,201509,Sep-15,Q3,2015
2015-09-18,9,Sep,201509,Sep-15,Q3,2015
2015-09-19,9,Sep,201509,Sep-15,Q3,2015
2015-09-20,9,Sep,201509,Sep-15,Q3,2015
2015-09-21,9,Sep,201509,Sep-15,Q3,2015
2015-09-22,9,Sep,201509,Sep-15,Q3,2015
2015-09-23,9,Sep,201509,Sep-15,Q3,2015
2015-09-24,9,Sep,201509,Sep-15,Q3,2015
2015-09-25,9,Sep,201509,Sep-15,Q3,2015
2015-09-26,9,Sep,201509,Sep-15,Q3,2015
2015-09-27,9,Sep,201509,Sep-15,Q3,2015
2015-09-28,9,Sep,201509,Sep-15,Q3,2015
2015-09-29,9,Sep,201509,Sep-15,Q3,2015
2015-09-30,9,Sep,201509,Sep-15,Q3,2015
2015-10-01,10,Oct,201510,Oct-15,Q4,2015
2015-10-02,10,Oct,201510,Oct-15,Q4,2015
2015-10-03,10,Oct,201510,Oct-15,Q4,2015
2015-10-04,10,Oct,201510,Oct-15,Q4,2015
2015-10-05,10,Oct,201510,Oct-15,Q4,2015
2015-10-06,10,Oct,201510,Oct-15,Q4,2015
2015-10-07,10,Oct,201510,Oct-15,Q4,2015
2015-10-08,10,Oct,201510,Oct-15,Q4,2015
2015-10-09,10,Oct,201510,Oct-15,Q4,2015
2015-10-10,10,Oct,201510,Oct-15,Q4,2015
2015-10-11,10,Oct,201510,Oct-15,Q4,2015
2015-10-12,10,Oct,201510,Oct-15,Q4,2015
2015-10-13,10,Oct,201510,Oct-15,Q4,2015
2015-10-14,10,Oct,201510,Oct-15,Q4,2015
2015-10-15,10,Oct,201510,Oct-15,Q4,2015
2015-10-16,10,Oct,201510,Oct-15,Q4,2015
2015-10-17,10,Oct,201510,Oct-15,Q4,2015
2015-10-18,10,Oct,201510,Oct-15,Q4,2015
2015-10-19,10,Oct,201510,Oct-15,Q4,2015
2015-10-20,10,Oct,201510,Oct-15,Q4,2015
2015-10-21,10,Oct,201510,Oct-15,Q4,2015
2015-10-22,10,Oct,201510,Oct-15,Q4,2015
2015-10-23,10,Oct,201510,Oct-15,Q4,2015
2015-10-24,10,Oct,201510,Oct-15,Q4,2015
2015-10-25,10,Oct,201510,Oct-15,Q4,2015
2015-10-26,10,Oct,201510,Oct-15,Q4,2015
2015-10-27,10,Oct,201510,Oct-15,Q4,2015
2015-10-28,10,Oct,201510,Oct-15,Q4,2015
2015-10-29,10,Oct,201510,Oct-15,Q4,2015
2015-10-30,10,Oct,201510,Oct-15,Q4,2015
2015-10-31,10,Oct,201510,Oct-15,Q4,2015
2015-11-01,11,Nov,201511,Nov-15,Q4,2015
2015-11-02,11,Nov,201511,Nov-15,Q4,2015
2015-11-03,11,Nov,201511,Nov-15,Q4,2015
2015-11-04,11,Nov,201511,Nov-15,Q4,2015
2015-11-05,11,Nov,201511,Nov-15,Q4,2015
2015-11-06,11,Nov,201511,Nov-15,Q4,2015
2015-11-07,11,Nov,201511,Nov-15,Q4,2015
2015-11-08,11,Nov,201511,Nov-15,Q4,2015
2015-11-09,11,Nov,201511,Nov-15,Q4,2015
2015-11-10,11,Nov,201511,Nov-15,Q4,2015
2015-11-11,11,Nov,201511,Nov-15,Q4,2015
2015-11-12,11,Nov,201511,Nov-15,Q4,2015
2015-11-13,11,Nov,201511,Nov-15,Q4,2015
2015-11-14,11,Nov,201511,Nov-15,Q4,2015
2015-11-15,11,Nov,201511,Nov-15,Q4,2015
2015-11-16,11,Nov,201511,Nov-15,Q4,2015
2015-11-17,11,Nov,201511,Nov-15,Q4,2015
2015-11-18,11,Nov,201511,Nov-15,Q4,2015
2015-11-19,11,Nov,201511,Nov-15,Q4,2015
2015-11-20,11,Nov,201511,Nov-15,Q4,2015
2015-11-21,11,Nov,201511,Nov-15,Q4,2015
2015-11-22,11,Nov,201511,Nov-15,Q4,2015
2015-11-23,11,Nov,201511,Nov-15,Q4,2015
2015-11-24,11,Nov,201511,Nov-15,Q4,2015
2015-11-25,11,Nov,201511,Nov-15,Q4,2015
2015-11-26,11,Nov,201511,Nov-15,Q4,2015
2015-11-27,11,Nov,201511,Nov-15,Q4,2015
2015-11-28,11,Nov,201511,Nov-15,Q4,2015
2015-11-29,11,Nov,201511,Nov-15,Q4,2015
2015-11-30,11,Nov,201511,Nov-15,Q4,2015
2015-12-01,12,Dec,201512,Dec-15,Q4,2015
2015-12-02,12,Dec,201512,Dec-15,Q4,2015
2015-12-03,12,Dec,201512,Dec-15,Q4,2015
2015-12-04,12,Dec,201512,Dec-15,Q4,2015
2015-12-05,12,Dec,201512,Dec-15,Q4,2015
2015-12-06,12,Dec,201512,Dec-15,Q4,2015
2015-12-07,12,Dec,201512,Dec-15,Q4,2015
2015-12-08,12,Dec,201512,Dec-15,Q4,2015
2015-12-09,12,Dec,201512,Dec-15,Q4,2015
2015-12-10,12,Dec,201512,Dec-15,Q4,2015
2015-12-11,12,Dec,201512,Dec-15,Q4,2015
2015-12-12,12,Dec,201512,Dec-15,Q4,2015
2015-12-13,12,Dec,201512,Dec-15,Q4,2015
2015-12-14,12,Dec,201512,Dec-15,Q4,2015
2015-12-15,12,Dec,201512,Dec-15,Q4,2015
2015-12-16,12,Dec,201512,Dec-15,Q4,2015
2015-12-17,12,Dec,201512,Dec-15,Q4,2015
2015-12-18,12,Dec,201512,Dec-15,Q4,2015
2015-12-19,12,Dec,201512,Dec-15,Q4,2015
2015-12-20,12,Dec,201512,Dec-15,Q4,2015
2015-12-21,12,Dec,201512,Dec-15,Q4,2015
2015-12-22,12,Dec,201512,Dec-15,Q4,2015
2015-12-23,12,Dec,201512,Dec-15,Q4,2015
2015-12-24,12,Dec,201512,Dec-15,Q4,2015
2015-12-25,12,Dec,201512,Dec-15,Q4,2015
2015-12-26,12,Dec,201512,Dec-15,Q4,2015
2015-12-27,12,Dec,201512,Dec-15,Q4,2015
2015-12-28,12,Dec,201512,Dec-15,Q4,2015
2015-12-29,12,Dec,201512,Dec-15,Q4,2015
2015-12-30,12,Dec,201512,Dec-15,Q4,2015
2015-12-31,12,Dec,201512,Dec-15,Q4,2015
1/1/2016,1,Jan,201601,Jan-16,Q1,2016
1/2/2016,1,Jan,201601,Jan-16,Q1,2016
1/3/2016,1,Jan,201601,Jan-16,Q1,2016
1/4/2016,1,Jan,201601,Jan-16,Q1,2016
1/5/2016,1,Jan,201601,Jan-16,Q1,2016
1/6/2016,1,Jan,201601,Jan-16,Q1,2016
1/7/2016,1,Jan,201601,Jan-16,Q1,2016
1/8/2016,1,Jan,201601,Jan-16,Q1,2016
1/9/2016,1,Jan,201601,Jan-16,Q1,2016
1/10/2016,1,Jan,201601,Jan-16,Q1,2016
1/11/2016,1,Jan,201601,Jan-16,Q1,2016
1/12/2016,1,Jan,201601,Jan-16,Q1,2016
1/13/2016,1,Jan,201601,Jan-16,Q1,2016
1/14/2016,1,Jan,201601,Jan-16,Q1,2016
1/15/2016,1,Jan,201601,Jan-16,Q1,2016
1/16/2016,1,Jan,201601,Jan-16,Q1,2016
1/17/2016,1,Jan,201601,Jan-16,Q1,2016
1/18/2016,1,Jan,201601,Jan-16,Q1,2016
1/19/2016,1,Jan,201601,Jan-16,Q1,2016
1/20/2016,1,Jan,201601,Jan-16,Q1,2016
1/21/2016,1,Jan,201601,Jan-16,Q1,2016
1/22/2016,1,Jan,201601,Jan-16,Q1,2016
1/23/2016,1,Jan,201601,Jan-16,Q1,2016
1/24/2016,1,Jan,201601,Jan-16,Q1,2016
1/25/2016,1,Jan,201601,Jan-16,Q1,2016
1/26/2016,1,Jan,201601,Jan-16,Q1,2016
1/27/2016,1,Jan,201601,Jan-16,Q1,2016
1/28/2016,1,Jan,201601,Jan-16,Q1,2016
1/29/2016,1,Jan,201601,Jan-16,Q1,2016
1/30/2016,1,Jan,201601,Jan-16,Q1,2016
1/31/2016,1,Jan,201601,Jan-16,Q1,2016
2/1/2016,2,Feb,201602,Feb-16,Q1,2016
2/2/2016,2,Feb,201602,Feb-16,Q1,2016
2/3/2016,2,Feb,201602,Feb-16,Q1,2016
2/4/2016,2,Feb,201602,Feb-16,Q1,2016
2/5/2016,2,Feb,201602,Feb-16,Q1,2016
2/6/2016,2,Feb,201602,Feb-16,Q1,2016
2/7/2016,2,Feb,201602,Feb-16,Q1,2016
2/8/2016,2,Feb,201602,Feb-16,Q1,2016
2/9/2016,2,Feb,201602,Feb-16,Q1,2016
2/10/2016,2,Feb,201602,Feb-16,Q1,2016
2/11/2016,2,Feb,201602,Feb-16,Q1,2016
2/12/2016,2,Feb,201602,Feb-16,Q1,2016
2/13/2016,2,Feb,201602,Feb-16,Q1,2016
2/14/2016,2,Feb,201602,Feb-16,Q1,2016
2/15/2016,2,Feb,201602,Feb-16,Q1,2016
2/16/2016,2,Feb,201602,Feb-16,Q1,2016
2/17/2016,2,Feb,201602,Feb-16,Q1,2016
2/18/2016,2,Feb,201602,Feb-16,Q1,2016
2/19/2016,2,Feb,201602,Feb-16,Q1,2016
2/20/2016,2,Feb,201602,Feb-16,Q1,2016
2/21/2016,2,Feb,201602,Feb-16,Q1,2016
2/22/2016,2,Feb,201602,Feb-16,Q1,2016
2/23/2016,2,Feb,201602,Feb-16,Q1,2016
2/24/2016,2,Feb,201602,Feb-16,Q1,2016
2/25/2016,2,Feb,201602,Feb-16,Q1,2016
2/26/2016,2,Feb,201602,Feb-16,Q1,2016
2/27/2016,2,Feb,201602,Feb-16,Q1,2016
2/28/2016,2,Feb,201602,Feb-16,Q1,2016
3/1/2016,3,Mar,201603,Mar-16,Q1,2016
3/2/2016,3,Mar,201603,Mar-16,Q1,2016
3/3/2016,3,Mar,201603,Mar-16,Q1,2016
3/4/2016,3,Mar,201603,Mar-16,Q1,2016
3/5/2016,3,Mar,201603,Mar-16,Q1,2016
3/6/2016,3,Mar,201603,Mar-16,Q1,2016
3/7/2016,3,Mar,201603,Mar-16,Q1,2016
3/8/2016,3,Mar,201603,Mar-16,Q1,2016
3/9/2016,3,Mar,201603,Mar-16,Q1,2016
3/10/2016,3,Mar,201603,Mar-16,Q1,2016
3/11/2016,3,Mar,201603,Mar-16,Q1,2016
3/12/2016,3,Mar,201603,Mar-16,Q1,2016
3/13/2016,3,Mar,201603,Mar-16,Q1,2016
3/14/2016,3,Mar,201603,Mar-16,Q1,2016
3/15/2016,3,Mar,201603,Mar-16,Q1,2016
3/16/2016,3,Mar,201603,Mar-16,Q1,2016
3/17/2016,3,Mar,201603,Mar-16,Q1,2016
3/18/2016,3,Mar,201603,Mar-16,Q1,2016
3/19/2016,3,Mar,201603,Mar-16,Q1,2016
3/20/2016,3,Mar,201603,Mar-16,Q1,2016
3/21/2016,3,Mar,201603,Mar-16,Q1,2016
3/22/2016,3,Mar,201603,Mar-16,Q1,2016
3/23/2016,3,Mar,201603,Mar-16,Q1,2016
3/24/2016,3,Mar,201603,Mar-16,Q1,2016
3/25/2016,3,Mar,201603,Mar-16,Q1,2016
3/26/2016,3,Mar,201603,Mar-16,Q1,2016
3/27/2016,3,Mar,201603,Mar-16,Q1,2016
3/28/2016,3,Mar,201603,Mar-16,Q1,2016
3/29/2016,3,Mar,201603,Mar-16,Q1,2016
3/30/2016,3,Mar,201603,Mar-16,Q1,2016
3/31/2016,3,Mar,201603,Mar-16,Q1,2016
4/1/2016,4,Apr,201604,Apr-16,Q2,2016
4/2/2016,4,Apr,201604,Apr-16,Q2,2016
4/3/2016,4,Apr,201604,Apr-16,Q2,2016
4/4/2016,4,Apr,201604,Apr-16,Q2,2016
4/5/2016,4,Apr,201604,Apr-16,Q2,2016
4/6/2016,4,Apr,201604,Apr-16,Q2,2016
4/7/2016,4,Apr,201604,Apr-16,Q2,2016
4/8/2016,4,Apr,201604,Apr-16,Q2,2016
4/9/2016,4,Apr,201604,Apr-16,Q2,2016
4/10/2016,4,Apr,201604,Apr-16,Q2,2016
4/11/2016,4,Apr,201604,Apr-16,Q2,2016
4/12/2016,4,Apr,201604,Apr-16,Q2,2016
4/13/2016,4,Apr,201604,Apr-16,Q2,2016
4/14/2016,4,Apr,201604,Apr-16,Q2,2016
4/15/2016,4,Apr,201604,Apr-16,Q2,2016
4/16/2016,4,Apr,201604,Apr-16,Q2,2016
4/17/2016,4,Apr,201604,Apr-16,Q2,2016
4/18/2016,4,Apr,201604,Apr-16,Q2,2016
4/19/2016,4,Apr,201604,Apr-16,Q2,2016
4/20/2016,4,Apr,201604,Apr-16,Q2,2016
4/21/2016,4,Apr,201604,Apr-16,Q2,2016
4/22/2016,4,Apr,201604,Apr-16,Q2,2016
4/23/2016,4,Apr,201604,Apr-16,Q2,2016
4/24/2016,4,Apr,201604,Apr-16,Q2,2016
4/25/2016,4,Apr,201604,Apr-16,Q2,2016
4/26/2016,4,Apr,201604,Apr-16,Q2,2016
4/27/2016,4,Apr,201604,Apr-16,Q2,2016
4/28/2016,4,Apr,201604,Apr-16,Q2,2016
4/29/2016,4,Apr,201604,Apr-16,Q2,2016
4/30/2016,4,Apr,201604,Apr-16,Q2,2016
5/1/2016,5,May,201605,May-16,Q2,2016
5/2/2016,5,May,201605,May-16,Q2,2016
5/3/2016,5,May,201605,May-16,Q2,2016
5/4/2016,5,May,201605,May-16,Q2,2016
5/5/2016,5,May,201605,May-16,Q2,2016
5/6/2016,5,May,201605,May-16,Q2,2016
5/7/2016,5,May,201605,May-16,Q2,2016
5/8/2016,5,May,201605,May-16,Q2,2016
5/9/2016,5,May,201605,May-16,Q2,2016
5/10/2016,5,May,201605,May-16,Q2,2016
5/11/2016,5,May,201605,May-16,Q2,2016
5/12/2016,5,May,201605,May-16,Q2,2016
5/13/2016,5,May,201605,May-16,Q2,2016
5/14/2016,5,May,201605,May-16,Q2,2016
5/15/2016,5,May,201605,May-16,Q2,2016
5/16/2016,5,May,201605,May-16,Q2,2016
5/17/2016,5,May,201605,May-16,Q2,2016
5/18/2016,5,May,201605,May-16,Q2,2016
5/19/2016,5,May,201605,May-16,Q2,2016
5/20/2016,5,May,201605,May-16,Q2,2016
5/21/2016,5,May,201605,May-16,Q2,2016
5/22/2016,5,May,201605,May-16,Q2,2016
5/23/2016,5,May,201605,May-16,Q2,2016
5/24/2016,5,May,201605,May-16,Q2,2016
5/25/2016,5,May,201605,May-16,Q2,2016
5/26/2016,5,May,201605,May-16,Q2,2016
5/27/2016,5,May,201605,May-16,Q2,2016
5/28/2016,5,May,201605,May-16,Q2,2016
5/29/2016,5,May,201605,May-16,Q2,2016
5/30/2016,5,May,201605,May-16,Q2,2016
5/31/2016,5,May,201605,May-16,Q2,2016
6/1/2016,6,Jun,201606,Jun-16,Q2,2016
6/2/2016,6,Jun,201606,Jun-16,Q2,2016
6/3/2016,6,Jun,201606,Jun-16,Q2,2016
6/4/2016,6,Jun,201606,Jun-16,Q2,2016
6/5/2016,6,Jun,201606,Jun-16,Q2,2016
6/6/2016,6,Jun,201606,Jun-16,Q2,2016
6/7/2016,6,Jun,201606,Jun-16,Q2,2016
6/8/2016,6,Jun,201606,Jun-16,Q2,2016
6/9/2016,6,Jun,201606,Jun-16,Q2,2016
6/10/2016,6,Jun,201606,Jun-16,Q2,2016
6/11/2016,6,Jun,201606,Jun-16,Q2,2016
6/12/2016,6,Jun,201606,Jun-16,Q2,2016
6/13/2016,6,Jun,201606,Jun-16,Q2,2016
6/14/2016,6,Jun,201606,Jun-16,Q2,2016
6/15/2016,6,Jun,201606,Jun-16,Q2,2016
6/16/2016,6,Jun,201606,Jun-16,Q2,2016
6/17/2016,6,Jun,201606,Jun-16,Q2,2016
6/18/2016,6,Jun,201606,Jun-16,Q2,2016
6/19/2016,6,Jun,201606,Jun-16,Q2,2016
6/20/2016,6,Jun,201606,Jun-16,Q2,2016
6/21/2016,6,Jun,201606,Jun-16,Q2,2016
6/22/2016,6,Jun,201606,Jun-16,Q2,2016
6/23/2016,6,Jun,201606,Jun-16,Q2,2016
6/24/2016,6,Jun,201606,Jun-16,Q2,2016
6/25/2016,6,Jun,201606,Jun-16,Q2,2016
6/26/2016,6,Jun,201606,Jun-16,Q2,2016
6/27/2016,6,Jun,201606,Jun-16,Q2,2016
6/28/2016,6,Jun,201606,Jun-16,Q2,2016
6/29/2016,6,Jun,201606,Jun-16,Q2,2016
6/30/2016,6,Jun,201606,Jun-16,Q2,2016
7/1/2016,7,Jul,201607,Jul-16,Q3,2016
7/2/2016,7,Jul,201607,Jul-16,Q3,2016
7/3/2016,7,Jul,201607,Jul-16,Q3,2016
7/4/2016,7,Jul,201607,Jul-16,Q3,2016
7/5/2016,7,Jul,201607,Jul-16,Q3,2016
7/6/2016,7,Jul,201607,Jul-16,Q3,2016
7/7/2016,7,Jul,201607,Jul-16,Q3,2016
7/8/2016,7,Jul,201607,Jul-16,Q3,2016
7/9/2016,7,Jul,201607,Jul-16,Q3,2016
7/10/2016,7,Jul,201607,Jul-16,Q3,2016
7/11/2016,7,Jul,201607,Jul-16,Q3,2016
7/12/2016,7,Jul,201607,Jul-16,Q3,2016
7/13/2016,7,Jul,201607,Jul-16,Q3,2016
7/14/2016,7,Jul,201607,Jul-16,Q3,2016
7/15/2016,7,Jul,201607,Jul-16,Q3,2016
7/16/2016,7,Jul,201607,Jul-16,Q3,2016
7/17/2016,7,Jul,201607,Jul-16,Q3,2016
7/18/2016,7,Jul,201607,Jul-16,Q3,2016
7/19/2016,7,Jul,201607,Jul-16,Q3,2016
7/20/2016,7,Jul,201607,Jul-16,Q3,2016
7/21/2016,7,Jul,201607,Jul-16,Q3,2016
7/22/2016,7,Jul,201607,Jul-16,Q3,2016
7/23/2016,7,Jul,201607,Jul-16,Q3,2016
7/24/2016,7,Jul,201607,Jul-16,Q3,2016
7/25/2016,7,Jul,201607,Jul-16,Q3,2016
7/26/2016,7,Jul,201607,Jul-16,Q3,2016
7/27/2016,7,Jul,201607,Jul-16,Q3,2016
7/28/2016,7,Jul,201607,Jul-16,Q3,2016
7/29/2016,7,Jul,201607,Jul-16,Q3,2016
7/30/2016,7,Jul,201607,Jul-16,Q3,2016
7/31/2016,7,Jul,201607,Jul-16,Q3,2016
8/1/2016,8,Aug,201608,Aug-16,Q3,2016
8/2/2016,8,Aug,201608,Aug-16,Q3,2016
8/3/2016,8,Aug,201608,Aug-16,Q3,2016
8/4/2016,8,Aug,201608,Aug-16,Q3,2016
8/5/2016,8,Aug,201608,Aug-16,Q3,2016
8/6/2016,8,Aug,201608,Aug-16,Q3,2016
8/7/2016,8,Aug,201608,Aug-16,Q3,2016
8/8/2016,8,Aug,201608,Aug-16,Q3,2016
8/9/2016,8,Aug,201608,Aug-16,Q3,2016
8/10/2016,8,Aug,201608,Aug-16,Q3,2016
8/11/2016,8,Aug,201608,Aug-16,Q3,2016
8/12/2016,8,Aug,201608,Aug-16,Q3,2016
8/13/2016,8,Aug,201608,Aug-16,Q3,2016
8/14/2016,8,Aug,201608,Aug-16,Q3,2016
8/15/2016,8,Aug,201608,Aug-16,Q3,2016
8/16/2016,8,Aug,201608,Aug-16,Q3,2016
8/17/2016,8,Aug,201608,Aug-16,Q3,2016
8/18/2016,8,Aug,201608,Aug-16,Q3,2016
8/19/2016,8,Aug,201608,Aug-16,Q3,2016
8/20/2016,8,Aug,201608,Aug-16,Q3,2016
8/21/2016,8,Aug,201608,Aug-16,Q3,2016
8/22/2016,8,Aug,201608,Aug-16,Q3,2016
8/23/2016,8,Aug,201608,Aug-16,Q3,2016
8/24/2016,8,Aug,201608,Aug-16,Q3,2016
8/25/2016,8,Aug,201608,Aug-16,Q3,2016
8/26/2016,8,Aug,201608,Aug-16,Q3,2016
8/27/2016,8,Aug,201608,Aug-16,Q3,2016
8/28/2016,8,Aug,201608,Aug-16,Q3,2016
8/29/2016,8,Aug,201608,Aug-16,Q3,2016
8/30/2016,8,Aug,201608,Aug-16,Q3,2016
8/31/2016,8,Aug,201608,Aug-16,Q3,2016
9/1/2016,9,Sep,201609,Sep-16,Q3,2016
9/2/2016,9,Sep,201609,Sep-16,Q3,2016
9/3/2016,9,Sep,201609,Sep-16,Q3,2016
9/4/2016,9,Sep,201609,Sep-16,Q3,2016
9/5/2016,9,Sep,201609,Sep-16,Q3,2016
9/6/2016,9,Sep,201609,Sep-16,Q3,2016
9/7/2016,9,Sep,201609,Sep-16,Q3,2016
9/8/2016,9,Sep,201609,Sep-16,Q3,2016
9/9/2016,9,Sep,201609,Sep-16,Q3,2016
9/10/2016,9,Sep,201609,Sep-16,Q3,2016
9/11/2016,9,Sep,201609,Sep-16,Q3,2016
9/12/2016,9,Sep,201609,Sep-16,Q3,2016
9/13/2016,9,Sep,201609,Sep-16,Q3,2016
9/14/2016,9,Sep,201609,Sep-16,Q3,2016
9/15/2016,9,Sep,201609,Sep-16,Q3,2016
9/16/2016,9,Sep,201609,Sep-16,Q3,2016
9/17/2016,9,Sep,201609,Sep-16,Q3,2016
9/18/2016,9,Sep,201609,Sep-16,Q3,2016
9/19/2016,9,Sep,201609,Sep-16,Q3,2016
9/20/2016,9,Sep,201609,Sep-16,Q3,2016
9/21/2016,9,Sep,201609,Sep-16,Q3,2016
9/22/2016,9,Sep,201609,Sep-16,Q3,2016
9/23/2016,9,Sep,201609,Sep-16,Q3,2016
9/24/2016,9,Sep,201609,Sep-16,Q3,2016
9/25/2016,9,Sep,201609,Sep-16,Q3,2016
9/26/2016,9,Sep,201609,Sep-16,Q3,2016
9/27/2016,9,Sep,201609,Sep-16,Q3,2016
9/28/2016,9,Sep,201609,Sep-16,Q3,2016
9/29/2016,9,Sep,201609,Sep-16,Q3,2016
9/30/2016,9,Sep,201609,Sep-16,Q3,2016
10/1/2016,10,Oct,201610,Oct-16,Q4,2016
10/2/2016,10,Oct,201610,Oct-16,Q4,2016
10/3/2016,10,Oct,201610,Oct-16,Q4,2016
10/4/2016,10,Oct,201610,Oct-16,Q4,2016
10/5/2016,10,Oct,201610,Oct-16,Q4,2016
10/6/2016,10,Oct,201610,Oct-16,Q4,2016
10/7/2016,10,Oct,201610,Oct-16,Q4,2016
10/8/2016,10,Oct,201610,Oct-16,Q4,2016
10/9/2016,10,Oct,201610,Oct-16,Q4,2016
10/10/2016,10,Oct,201610,Oct-16,Q4,2016
10/11/2016,10,Oct,201610,Oct-16,Q4,2016
10/12/2016,10,Oct,201610,Oct-16,Q4,2016
10/13/2016,10,Oct,201610,Oct-16,Q4,2016
10/14/2016,10,Oct,201610,Oct-16,Q4,2016
10/15/2016,10,Oct,201610,Oct-16,Q4,2016
10/16/2016,10,Oct,201610,Oct-16,Q4,2016
10/17/2016,10,Oct,201610,Oct-16,Q4,2016
10/18/2016,10,Oct,201610,Oct-16,Q4,2016
10/19/2016,10,Oct,201610,Oct-16,Q4,2016
10/20/2016,10,Oct,201610,Oct-16,Q4,2016
10/21/2016,10,Oct,201610,Oct-16,Q4,2016
10/22/2016,10,Oct,201610,Oct-16,Q4,2016
10/23/2016,10,Oct,201610,Oct-16,Q4,2016
10/24/2016,10,Oct,201610,Oct-16,Q4,2016
10/25/2016,10,Oct,201610,Oct-16,Q4,2016
10/26/2016,10,Oct,201610,Oct-16,Q4,2016
10/27/2016,10,Oct,201610,Oct-16,Q4,2016
10/28/2016,10,Oct,201610,Oct-16,Q4,2016
10/29/2016,10,Oct,201610,Oct-16,Q4,2016
10/30/2016,10,Oct,201610,Oct-16,Q4,2016
10/31/2016,10,Oct,201610,Oct-16,Q4,2016
11/1/2016,11,Nov,201611,Nov-16,Q4,2016
11/2/2016,11,Nov,201611,Nov-16,Q4,2016
11/3/2016,11,Nov,201611,Nov-16,Q4,2016
11/4/2016,11,Nov,201611,Nov-16,Q4,2016
11/5/2016,11,Nov,201611,Nov-16,Q4,2016
11/6/2016,11,Nov,201611,Nov-16,Q4,2016
11/7/2016,11,Nov,201611,Nov-16,Q4,2016
11/8/2016,11,Nov,201611,Nov-16,Q4,2016
11/9/2016,11,Nov,201611,Nov-16,Q4,2016
11/10/2016,11,Nov,201611,Nov-16,Q4,2016
11/11/2016,11,Nov,201611,Nov-16,Q4,2016
11/12/2016,11,Nov,201611,Nov-16,Q4,2016
11/13/2016,11,Nov,201611,Nov-16,Q4,2016
11/14/2016,11,Nov,201611,Nov-16,Q4,2016
11/15/2016,11,Nov,201611,Nov-16,Q4,2016
11/16/2016,11,Nov,201611,Nov-16,Q4,2016
11/17/2016,11,Nov,201611,Nov-16,Q4,2016
11/18/2016,11,Nov,201611,Nov-16,Q4,2016
11/19/2016,11,Nov,201611,Nov-16,Q4,2016
11/20/2016,11,Nov,201611,Nov-16,Q4,2016
11/21/2016,11,Nov,201611,Nov-16,Q4,2016
11/22/2016,11,Nov,201611,Nov-16,Q4,2016
11/23/2016,11,Nov,201611,Nov-16,Q4,2016
11/24/2016,11,Nov,201611,Nov-16,Q4,2016
11/25/2016,11,Nov,201611,Nov-16,Q4,2016
11/26/2016,11,Nov,201611,Nov-16,Q4,2016
11/27/2016,11,Nov,201611,Nov-16,Q4,2016
11/28/2016,11,Nov,201611,Nov-16,Q4,2016
11/29/2016,11,Nov,201611,Nov-16,Q4,2016
11/30/2016,11,Nov,201611,Nov-16,Q4,2016
12/1/2016,12,Dec,201612,Dec-16,Q4,2016
12/2/2016,12,Dec,201612,Dec-16,Q4,2016
12/3/2016,12,Dec,201612,Dec-16,Q4,2016
12/4/2016,12,Dec,201612,Dec-16,Q4,2016
12/5/2016,12,Dec,201612,Dec-16,Q4,2016
12/6/2016,12,Dec,201612,Dec-16,Q4,2016
12/7/2016,12,Dec,201612,Dec-16,Q4,2016
12/8/2016,12,Dec,201612,Dec-16,Q4,2016
12/9/2016,12,Dec,201612,Dec-16,Q4,2016
12/10/2016,12,Dec,201612,Dec-16,Q4,2016
12/11/2016,12,Dec,201612,Dec-16,Q4,2016
12/12/2016,12,Dec,201612,Dec-16,Q4,2016
12/13/2016,12,Dec,201612,Dec-16,Q4,2016
12/14/2016,12,Dec,201612,Dec-16,Q4,2016
12/15/2016,12,Dec,201612,Dec-16,Q4,2016
12/16/2016,12,Dec,201612,Dec-16,Q4,2016
12/17/2016,12,Dec,201612,Dec-16,Q4,2016
12/18/2016,12,Dec,201612,Dec-16,Q4,2016
12/19/2016,12,Dec,201612,Dec-16,Q4,2016
12/20/2016,12,Dec,201612,Dec-16,Q4,2016
12/21/2016,12,Dec,201612,Dec-16,Q4,2016
12/22/2016,12,Dec,201612,Dec-16,Q4,2016
12/23/2016,12,Dec,201612,Dec-16,Q4,2016
12/24/2016,12,Dec,201612,Dec-16,Q4,2016
12/25/2016,12,Dec,201612,Dec-16,Q4,2016
12/26/2016,12,Dec,201612,Dec-16,Q4,2016
12/27/2016,12,Dec,201612,Dec-16,Q4,2016
12/28/2016,12,Dec,201612,Dec-16,Q4,2016
12/29/2016,12,Dec,201612,Dec-16,Q4,2016
12/30/2016,12,Dec,201612,Dec-16,Q4,2016
12/31/2016,12,Dec,201612,Dec-16,Q4,2016